[{"id":4,"alpha2":"af","alpha3":"afg","name":"อัฟกานิสถาน"},
{"id":248,"alpha2":"ax","alpha3":"ala","name":"หมู่เกาะโอลันด์"},
{"id":8,"alpha2":"al","alpha3":"alb","name":"แอลเบเนีย"},
{"id":12,"alpha2":"dz","alpha3":"dza","name":"แอลจีเรีย"},
{"id":16,"alpha2":"as","alpha3":"asm","name":"อเมริกันซามัว"},
{"id":20,"alpha2":"ad","alpha3":"and","name":"อันดอร์รา"},
{"id":24,"alpha2":"ao","alpha3":"ago","name":"แองโกลา"},
{"id":660,"alpha2":"ai","alpha3":"aia","name":"แองกวิลลา"},
{"id":10,"alpha2":"aq","alpha3":"ata","name":"แอนตาร์กติกา"},
{"id":28,"alpha2":"ag","alpha3":"atg","name":"แอนทีกาและบาร์บิวดา"},
{"id":32,"alpha2":"ar","alpha3":"arg","name":"อาร์เจนตินา"},
{"id":51,"alpha2":"am","alpha3":"arm","name":"อาร์มีเนีย"},
{"id":533,"alpha2":"aw","alpha3":"abw","name":"อารูบา"},
{"id":36,"alpha2":"au","alpha3":"aus","name":"ออสเตรเลีย"},
{"id":40,"alpha2":"at","alpha3":"aut","name":"ออสเตรีย"},
{"id":31,"alpha2":"az","alpha3":"aze","name":"อาเซอร์ไบจาน"},
{"id":44,"alpha2":"bs","alpha3":"bhs","name":"บาฮามาส"},
{"id":48,"alpha2":"bh","alpha3":"bhr","name":"บาห์เรน"},
{"id":50,"alpha2":"bd","alpha3":"bgd","name":"บังกลาเทศ"},
{"id":52,"alpha2":"bb","alpha3":"brb","name":"บาร์เบโดส"},
{"id":112,"alpha2":"by","alpha3":"blr","name":"เบลารุส"},
{"id":56,"alpha2":"be","alpha3":"bel","name":"เบลเยียม"},
{"id":84,"alpha2":"bz","alpha3":"blz","name":"เบลีซ"},
{"id":204,"alpha2":"bj","alpha3":"ben","name":"เบนิน"},
{"id":60,"alpha2":"bm","alpha3":"bmu","name":"เบอร์มิวดา"},
{"id":64,"alpha2":"bt","alpha3":"btn","name":"ภูฏาน"},
{"id":68,"alpha2":"bo","alpha3":"bol","name":"โบลิเวีย"},
{"id":535,"alpha2":"bq","alpha3":"bes","name":"เนเธอร์แลนด์แอนทิลลีส"},
{"id":70,"alpha2":"ba","alpha3":"bih","name":"บอสเนียและเฮอร์เซโกวีนา"},
{"id":72,"alpha2":"bw","alpha3":"bwa","name":"บอตสวานา"},
{"id":74,"alpha2":"bv","alpha3":"bvt","name":"เกาะบูเว"},
{"id":76,"alpha2":"br","alpha3":"bra","name":"บราซิล"},
{"id":86,"alpha2":"io","alpha3":"iot","name":"บริติชอินเดียนโอเชียนเทร์ริทอรี"},
{"id":96,"alpha2":"bn","alpha3":"brn","name":"บรูไน"},
{"id":100,"alpha2":"bg","alpha3":"bgr","name":"บัลแกเรีย"},
{"id":854,"alpha2":"bf","alpha3":"bfa","name":"บูร์กินาฟาโซ"},
{"id":108,"alpha2":"bi","alpha3":"bdi","name":"บุรุนดี"},
{"id":132,"alpha2":"cv","alpha3":"cpv","name":"กาบูเวร์ดี"},
{"id":116,"alpha2":"kh","alpha3":"khm","name":"กัมพูชา"},
{"id":120,"alpha2":"cm","alpha3":"cmr","name":"แคเมอรูน"},
{"id":124,"alpha2":"ca","alpha3":"can","name":"แคนาดา"},
{"id":136,"alpha2":"ky","alpha3":"cym","name":"หมู่เกาะเคย์แมน"},
{"id":140,"alpha2":"cf","alpha3":"caf","name":"สาธารณรัฐแอฟริกากลาง"},
{"id":148,"alpha2":"td","alpha3":"tcd","name":"ชาด"},
{"id":152,"alpha2":"cl","alpha3":"chl","name":"ชิลี"},
{"id":156,"alpha2":"cn","alpha3":"chn","name":"จีน"},
{"id":162,"alpha2":"cx","alpha3":"cxr","name":"เกาะคริสต์มาส"},
{"id":166,"alpha2":"cc","alpha3":"cck","name":"หมู่เกาะโคโคส"},
{"id":170,"alpha2":"co","alpha3":"col","name":"โคลอมเบีย"},
{"id":174,"alpha2":"km","alpha3":"com","name":"คอโมโรส"},
{"id":178,"alpha2":"cg","alpha3":"cog","name":"สาธารณรัฐคองโก"},
{"id":180,"alpha2":"cd","alpha3":"cod","name":"สาธารณรัฐประชาธิปไตยคองโก"},
{"id":184,"alpha2":"ck","alpha3":"cok","name":"หมู่เกาะคุก"},
{"id":188,"alpha2":"cr","alpha3":"cri","name":"คอสตาริกา"},
{"id":384,"alpha2":"ci","alpha3":"civ","name":"โกตดิวัวร์"},
{"id":191,"alpha2":"hr","alpha3":"hrv","name":"โครเอเชีย"},
{"id":192,"alpha2":"cu","alpha3":"cub","name":"คิวบา"},
{"id":531,"alpha2":"cw","alpha3":"cuw","name":"กูราเซา"},
{"id":196,"alpha2":"cy","alpha3":"cyp","name":"ไซปรัส"},
{"id":203,"alpha2":"cz","alpha3":"cze","name":"เช็กเกีย"},
{"id":208,"alpha2":"dk","alpha3":"dnk","name":"เดนมาร์ก"},
{"id":262,"alpha2":"dj","alpha3":"dji","name":"จิบูตี"},
{"id":212,"alpha2":"dm","alpha3":"dma","name":"ดอมินีกา"},
{"id":214,"alpha2":"do","alpha3":"dom","name":"สาธารณรัฐโดมินิกัน"},
{"id":218,"alpha2":"ec","alpha3":"ecu","name":"เอกวาดอร์"},
{"id":818,"alpha2":"eg","alpha3":"egy","name":"อียิปต์"},
{"id":222,"alpha2":"sv","alpha3":"slv","name":"เอลซัลวาดอร์"},
{"id":226,"alpha2":"gq","alpha3":"gnq","name":"อิเควทอเรียลกินี"},
{"id":232,"alpha2":"er","alpha3":"eri","name":"เอริเทรีย"},
{"id":233,"alpha2":"ee","alpha3":"est","name":"เอสโตเนีย"},
{"id":748,"alpha2":"sz","alpha3":"swz","name":"เอสวาตีนี"},
{"id":231,"alpha2":"et","alpha3":"eth","name":"เอธิโอเปีย"},
{"id":238,"alpha2":"fk","alpha3":"flk","name":"หมู่เกาะฟอล์กแลนด์"},
{"id":234,"alpha2":"fo","alpha3":"fro","name":"หมู่เกาะแฟโร"},
{"id":242,"alpha2":"fj","alpha3":"fji","name":"ฟีจี"},
{"id":246,"alpha2":"fi","alpha3":"fin","name":"ฟินแลนด์"},
{"id":250,"alpha2":"fr","alpha3":"fra","name":"ฝรั่งเศส"},
{"id":254,"alpha2":"gf","alpha3":"guf","name":"เฟรนช์เกียนา"},
{"id":258,"alpha2":"pf","alpha3":"pyf","name":"เฟรนช์พอลินีเชีย"},
{"id":260,"alpha2":"tf","alpha3":"atf","name":"เฟรนช์เซาเทิร์นและแอนตาร์กติกแลนดส์"},
{"id":266,"alpha2":"ga","alpha3":"gab","name":"กาบอง"},
{"id":270,"alpha2":"gm","alpha3":"gmb","name":"แกมเบีย"},
{"id":268,"alpha2":"ge","alpha3":"geo","name":"จอร์เจีย"},
{"id":276,"alpha2":"de","alpha3":"deu","name":"เยอรมนี"},
{"id":288,"alpha2":"gh","alpha3":"gha","name":"กานา"},
{"id":292,"alpha2":"gi","alpha3":"gib","name":"ยิบรอลตาร์"},
{"id":300,"alpha2":"gr","alpha3":"grc","name":"กรีซ"},
{"id":304,"alpha2":"gl","alpha3":"grl","name":"กรีนแลนด์"},
{"id":308,"alpha2":"gd","alpha3":"grd","name":"กรีเนดา"},
{"id":312,"alpha2":"gp","alpha3":"glp","name":"กัวเดอลุป"},
{"id":316,"alpha2":"gu","alpha3":"gum","name":"กวม"},
{"id":320,"alpha2":"gt","alpha3":"gtm","name":"กัวเตมาลา"},
{"id":831,"alpha2":"gg","alpha3":"ggy","name":"เกิร์นซีย์"},
{"id":324,"alpha2":"gn","alpha3":"gin","name":"กินี"},
{"id":624,"alpha2":"gw","alpha3":"gnb","name":"กินี-บิสเซา"},
{"id":328,"alpha2":"gy","alpha3":"guy","name":"กายอานา"},
{"id":332,"alpha2":"ht","alpha3":"hti","name":"เฮติ"},
{"id":334,"alpha2":"hm","alpha3":"hmd","name":"เกาะเฮิร์ดและหมู่เกาะแมกดอนัลด์"},
{"id":336,"alpha2":"va","alpha3":"vat","name":"นครรัฐวาติกัน"},
{"id":340,"alpha2":"hn","alpha3":"hnd","name":"ฮอนดูรัส"},
{"id":344,"alpha2":"hk","alpha3":"hkg","name":"ฮ่องกง"},
{"id":348,"alpha2":"hu","alpha3":"hun","name":"ฮังการี"},
{"id":352,"alpha2":"is","alpha3":"isl","name":"ไอซ์แลนด์"},
{"id":356,"alpha2":"in","alpha3":"ind","name":"อินเดีย"},
{"id":360,"alpha2":"id","alpha3":"idn","name":"อินโดนีเซีย"},
{"id":364,"alpha2":"ir","alpha3":"irn","name":"อิหร่าน"},
{"id":368,"alpha2":"iq","alpha3":"irq","name":"อิรัก"},
{"id":372,"alpha2":"ie","alpha3":"irl","name":"ไอร์แลนด์"},
{"id":833,"alpha2":"im","alpha3":"imn","name":"ไอล์ออฟแมน"},
{"id":376,"alpha2":"il","alpha3":"isr","name":"อิสราเอล"},
{"id":380,"alpha2":"it","alpha3":"ita","name":"อิตาลี"},
{"id":388,"alpha2":"jm","alpha3":"jam","name":"จาเมกา"},
{"id":392,"alpha2":"jp","alpha3":"jpn","name":"ญี่ปุ่น"},
{"id":832,"alpha2":"je","alpha3":"jey","name":"เจอร์ซีย์"},
{"id":400,"alpha2":"jo","alpha3":"jor","name":"จอร์แดน"},
{"id":398,"alpha2":"kz","alpha3":"kaz","name":"คาซัคสถาน"},
{"id":404,"alpha2":"ke","alpha3":"ken","name":"เคนยา"},
{"id":296,"alpha2":"ki","alpha3":"kir","name":"คิริบาส"},
{"id":408,"alpha2":"kp","alpha3":"prk","name":"เกาหลีเหนือ"},
{"id":410,"alpha2":"kr","alpha3":"kor","name":"เกาหลีใต้"},
{"id":414,"alpha2":"kw","alpha3":"kwt","name":"คูเวต"},
{"id":417,"alpha2":"kg","alpha3":"kgz","name":"คีร์กีซสถาน"},
{"id":418,"alpha2":"la","alpha3":"lao","name":"ลาว"},
{"id":428,"alpha2":"lv","alpha3":"lva","name":"ลัตเวีย"},
{"id":422,"alpha2":"lb","alpha3":"lbn","name":"เลบานอน"},
{"id":426,"alpha2":"ls","alpha3":"lso","name":"เลโซโท"},
{"id":430,"alpha2":"lr","alpha3":"lbr","name":"ไลบีเรีย"},
{"id":434,"alpha2":"ly","alpha3":"lby","name":"ลิเบีย"},
{"id":438,"alpha2":"li","alpha3":"lie","name":"ลีชเทินชไตน์"},
{"id":440,"alpha2":"lt","alpha3":"ltu","name":"ลิทัวเนีย"},
{"id":442,"alpha2":"lu","alpha3":"lux","name":"ลักเซมเบิร์ก"},
{"id":446,"alpha2":"mo","alpha3":"mac","name":"มาเก๊า"},
{"id":450,"alpha2":"mg","alpha3":"mdg","name":"มาดากัสการ์"},
{"id":454,"alpha2":"mw","alpha3":"mwi","name":"มาลาวี"},
{"id":458,"alpha2":"my","alpha3":"mys","name":"มาเลเซีย"},
{"id":462,"alpha2":"mv","alpha3":"mdv","name":"มัลดีฟส์"},
{"id":466,"alpha2":"ml","alpha3":"mli","name":"มาลี"},
{"id":470,"alpha2":"mt","alpha3":"mlt","name":"มอลตา"},
{"id":584,"alpha2":"mh","alpha3":"mhl","name":"หมู่เกาะมาร์แชลล์"},
{"id":474,"alpha2":"mq","alpha3":"mtq","name":"มาร์ตีนิก"},
{"id":478,"alpha2":"mr","alpha3":"mrt","name":"มอริเตเนีย"},
{"id":480,"alpha2":"mu","alpha3":"mus","name":"มอริเชียส"},
{"id":175,"alpha2":"yt","alpha3":"myt","name":"มายอต"},
{"id":484,"alpha2":"mx","alpha3":"mex","name":"เม็กซิโก"},
{"id":583,"alpha2":"fm","alpha3":"fsm","name":"ไมโครนีเชีย"},
{"id":498,"alpha2":"md","alpha3":"mda","name":"มอลโดวา"},
{"id":492,"alpha2":"mc","alpha3":"mco","name":"โมนาโก"},
{"id":496,"alpha2":"mn","alpha3":"mng","name":"มองโกเลีย"},
{"id":499,"alpha2":"me","alpha3":"mne","name":"มอนเตเนโกร"},
{"id":500,"alpha2":"ms","alpha3":"msr","name":"มอนต์เซอร์รัต"},
{"id":504,"alpha2":"ma","alpha3":"mar","name":"โมร็อกโก"},
{"id":508,"alpha2":"mz","alpha3":"moz","name":"โมซัมบิก"},
{"id":104,"alpha2":"mm","alpha3":"mmr","name":"พม่า"},
{"id":516,"alpha2":"na","alpha3":"nam","name":"นามิเบีย"},
{"id":520,"alpha2":"nr","alpha3":"nru","name":"นาอูรู"},
{"id":524,"alpha2":"np","alpha3":"npl","name":"เนปาล"},
{"id":528,"alpha2":"nl","alpha3":"nld","name":"เนเธอร์แลนด์"},
{"id":540,"alpha2":"nc","alpha3":"ncl","name":"นิวแคลิโดเนีย"},
{"id":554,"alpha2":"nz","alpha3":"nzl","name":"นิวซีแลนด์"},
{"id":558,"alpha2":"ni","alpha3":"nic","name":"นิการากัว"},
{"id":562,"alpha2":"ne","alpha3":"ner","name":"ไนเจอร์"},
{"id":566,"alpha2":"ng","alpha3":"nga","name":"ไนจีเรีย"},
{"id":570,"alpha2":"nu","alpha3":"niu","name":"นีวเว"},
{"id":574,"alpha2":"nf","alpha3":"nfk","name":"เกาะนอร์ฟอล์ก"},
{"id":807,"alpha2":"mk","alpha3":"mkd","name":"มาซิโดเนียเหนือ"},
{"id":580,"alpha2":"mp","alpha3":"mnp","name":"หมู่เกาะนอร์เทิร์นมาเรียนา"},
{"id":578,"alpha2":"no","alpha3":"nor","name":"นอร์เวย์"},
{"id":512,"alpha2":"om","alpha3":"omn","name":"โอมาน"},
{"id":586,"alpha2":"pk","alpha3":"pak","name":"ปากีสถาน"},
{"id":585,"alpha2":"pw","alpha3":"plw","name":"ปาเลา"},
{"id":275,"alpha2":"ps","alpha3":"pse","name":"ปาเลสไตน์"},
{"id":591,"alpha2":"pa","alpha3":"pan","name":"ปานามา"},
{"id":598,"alpha2":"pg","alpha3":"png","name":"ปาปัวนิวกินี"},
{"id":600,"alpha2":"py","alpha3":"pry","name":"ปารากวัย"},
{"id":604,"alpha2":"pe","alpha3":"per","name":"เปรู"},
{"id":608,"alpha2":"ph","alpha3":"phl","name":"ฟิลิปปินส์"},
{"id":612,"alpha2":"pn","alpha3":"pcn","name":"หมู่เกาะพิตแคร์น"},
{"id":616,"alpha2":"pl","alpha3":"pol","name":"โปแลนด์"},
{"id":620,"alpha2":"pt","alpha3":"prt","name":"โปรตุเกส"},
{"id":630,"alpha2":"pr","alpha3":"pri","name":"ปวยร์โตรีโก"},
{"id":634,"alpha2":"qa","alpha3":"qat","name":"กาตาร์"},
{"id":638,"alpha2":"re","alpha3":"reu","name":"เรอูว์นียง"},
{"id":642,"alpha2":"ro","alpha3":"rou","name":"โรมาเนีย"},
{"id":643,"alpha2":"ru","alpha3":"rus","name":"รัสเซีย"},
{"id":646,"alpha2":"rw","alpha3":"rwa","name":"รวันดา"},
{"id":652,"alpha2":"bl","alpha3":"blm","name":"แซ็ง–บาร์เตเลมี"},
{"id":654,"alpha2":"sh","alpha3":"shn","name":"เซนต์เฮเลนา"},
{"id":659,"alpha2":"kn","alpha3":"kna","name":"เซนต์คิตส์และเนวิส"},
{"id":662,"alpha2":"lc","alpha3":"lca","name":"เซนต์ลูเชีย"},
{"id":663,"alpha2":"mf","alpha3":"maf","name":"เซนต์มาร์ติน"},
{"id":666,"alpha2":"pm","alpha3":"spm","name":"แซงปีแยร์และมีเกอลง"},
{"id":670,"alpha2":"vc","alpha3":"vct","name":"เซนต์วินเซนต์และเกรนาดีนส์"},
{"id":882,"alpha2":"ws","alpha3":"wsm","name":"ซามัว"},
{"id":674,"alpha2":"sm","alpha3":"smr","name":"ซานมารีโน"},
{"id":678,"alpha2":"st","alpha3":"stp","name":"เซาตูแมอีปริงซีป"},
{"id":682,"alpha2":"sa","alpha3":"sau","name":"ซาอุดีอาระเบีย"},
{"id":686,"alpha2":"sn","alpha3":"sen","name":"เซเนกัล"},
{"id":688,"alpha2":"rs","alpha3":"srb","name":"เซอร์เบีย"},
{"id":690,"alpha2":"sc","alpha3":"syc","name":"เซเชลส์"},
{"id":694,"alpha2":"sl","alpha3":"sle","name":"เซียร์ราลีโอน"},
{"id":702,"alpha2":"sg","alpha3":"sgp","name":"สิงคโปร์"},
{"id":534,"alpha2":"sx","alpha3":"sxm","name":"ซินต์มาร์เติน"},
{"id":703,"alpha2":"sk","alpha3":"svk","name":"สโลวาเกีย"},
{"id":705,"alpha2":"si","alpha3":"svn","name":"สโลวีเนีย"},
{"id":90,"alpha2":"sb","alpha3":"slb","name":"หมู่เกาะโซโลมอน"},
{"id":706,"alpha2":"so","alpha3":"som","name":"โซมาเลีย"},
{"id":710,"alpha2":"za","alpha3":"zaf","name":"แอฟริกาใต้"},
{"id":239,"alpha2":"gs","alpha3":"sgs","name":"เกาะเซาท์จอร์เจียและหมู่เกาะเซาท์แซนด์วิช"},
{"id":728,"alpha2":"ss","alpha3":"ssd","name":"ซูดานใต้"},
{"id":724,"alpha2":"es","alpha3":"esp","name":"สเปน"},
{"id":144,"alpha2":"lk","alpha3":"lka","name":"ศรีลังกา"},
{"id":729,"alpha2":"sd","alpha3":"sdn","name":"ซูดาน"},
{"id":740,"alpha2":"sr","alpha3":"sur","name":"ซูรินาม"},
{"id":744,"alpha2":"sj","alpha3":"sjm","name":"‎สฟาลบาร์และยานไมเอน"},
{"id":752,"alpha2":"se","alpha3":"swe","name":"สวีเดน"},
{"id":756,"alpha2":"ch","alpha3":"che","name":"สวิตเซอร์แลนด์"},
{"id":760,"alpha2":"sy","alpha3":"syr","name":"ซีเรีย"},
{"id":158,"alpha2":"tw","alpha3":"twn","name":"ไต้หวัน"},
{"id":762,"alpha2":"tj","alpha3":"tjk","name":"ทาจิกิสถาน"},
{"id":834,"alpha2":"tz","alpha3":"tza","name":"แทนซาเนีย"},
{"id":764,"alpha2":"th","alpha3":"tha","name":"ไทย"},
{"id":626,"alpha2":"tl","alpha3":"tls","name":"ติมอร์-เลสเต"},
{"id":768,"alpha2":"tg","alpha3":"tgo","name":"โตโก"},
{"id":772,"alpha2":"tk","alpha3":"tkl","name":"โตเกเลา"},
{"id":776,"alpha2":"to","alpha3":"ton","name":"ตองงา"},
{"id":780,"alpha2":"tt","alpha3":"tto","name":"ตรินิแดดและโตเบโก"},
{"id":788,"alpha2":"tn","alpha3":"tun","name":"ตูนิเซีย"},
{"id":792,"alpha2":"tr","alpha3":"tur","name":"ตุรกี"},
{"id":795,"alpha2":"tm","alpha3":"tkm","name":"เติร์กเมนิสถาน"},
{"id":796,"alpha2":"tc","alpha3":"tca","name":"หมู่เกาะเติกส์และเคคอส"},
{"id":798,"alpha2":"tv","alpha3":"tuv","name":"ตูวาลู"},
{"id":800,"alpha2":"ug","alpha3":"uga","name":"ยูกันดา"},
{"id":804,"alpha2":"ua","alpha3":"ukr","name":"ยูเครน"},
{"id":784,"alpha2":"ae","alpha3":"are","name":"สหรัฐอาหรับเอมิเรตส์"},
{"id":826,"alpha2":"gb","alpha3":"gbr","name":"สหราชอาณาจักร"},
{"id":840,"alpha2":"us","alpha3":"usa","name":"สหรัฐ"},
{"id":581,"alpha2":"um","alpha3":"umi","name":"เกาะเล็กรอบนอกของสหรัฐอเมริกา"},
{"id":858,"alpha2":"uy","alpha3":"ury","name":"อุรุกวัย"},
{"id":860,"alpha2":"uz","alpha3":"uzb","name":"อุซเบกิสถาน"},
{"id":548,"alpha2":"vu","alpha3":"vut","name":"วานูวาตู"},
{"id":862,"alpha2":"ve","alpha3":"ven","name":"เวเนซุเอลา"},
{"id":704,"alpha2":"vn","alpha3":"vnm","name":"เวียดนาม"},
{"id":92,"alpha2":"vg","alpha3":"vgb","name":"หมู่เกาะบริติชเวอร์จิน"},
{"id":850,"alpha2":"vi","alpha3":"vir","name":"หมู่เกาะเวอร์จินของสหรัฐ"},
{"id":876,"alpha2":"wf","alpha3":"wlf","name":"วอลิสและฟูตูนา"},
{"id":732,"alpha2":"eh","alpha3":"esh","name":"เวสเทิร์นสะฮารา"},
{"id":887,"alpha2":"ye","alpha3":"yem","name":"เยเมน"},
{"id":894,"alpha2":"zm","alpha3":"zmb","name":"แซมเบีย"},
{"id":716,"alpha2":"zw","alpha3":"zwe","name":"ซิมบับเว"}]