<?xml version="1.0" encoding="UTF-8"?>
<countries>
    <country id="4" alpha2="af" alpha3="afg" name="อัฟกานิสถาน"/>
    <country id="248" alpha2="ax" alpha3="ala" name="หมู่เกาะโอลันด์"/>
    <country id="8" alpha2="al" alpha3="alb" name="แอลเบเนีย"/>
    <country id="12" alpha2="dz" alpha3="dza" name="แอลจีเรีย"/>
    <country id="16" alpha2="as" alpha3="asm" name="อเมริกันซามัว"/>
    <country id="20" alpha2="ad" alpha3="and" name="อันดอร์รา"/>
    <country id="24" alpha2="ao" alpha3="ago" name="แองโกลา"/>
    <country id="660" alpha2="ai" alpha3="aia" name="แองกวิลลา"/>
    <country id="10" alpha2="aq" alpha3="ata" name="แอนตาร์กติกา"/>
    <country id="28" alpha2="ag" alpha3="atg" name="แอนทีกาและบาร์บิวดา"/>
    <country id="32" alpha2="ar" alpha3="arg" name="อาร์เจนตินา"/>
    <country id="51" alpha2="am" alpha3="arm" name="อาร์มีเนีย"/>
    <country id="533" alpha2="aw" alpha3="abw" name="อารูบา"/>
    <country id="36" alpha2="au" alpha3="aus" name="ออสเตรเลีย"/>
    <country id="40" alpha2="at" alpha3="aut" name="ออสเตรีย"/>
    <country id="31" alpha2="az" alpha3="aze" name="อาเซอร์ไบจาน"/>
    <country id="44" alpha2="bs" alpha3="bhs" name="บาฮามาส"/>
    <country id="48" alpha2="bh" alpha3="bhr" name="บาห์เรน"/>
    <country id="50" alpha2="bd" alpha3="bgd" name="บังกลาเทศ"/>
    <country id="52" alpha2="bb" alpha3="brb" name="บาร์เบโดส"/>
    <country id="112" alpha2="by" alpha3="blr" name="เบลารุส"/>
    <country id="56" alpha2="be" alpha3="bel" name="เบลเยียม"/>
    <country id="84" alpha2="bz" alpha3="blz" name="เบลีซ"/>
    <country id="204" alpha2="bj" alpha3="ben" name="เบนิน"/>
    <country id="60" alpha2="bm" alpha3="bmu" name="เบอร์มิวดา"/>
    <country id="64" alpha2="bt" alpha3="btn" name="ภูฏาน"/>
    <country id="68" alpha2="bo" alpha3="bol" name="โบลิเวีย"/>
    <country id="535" alpha2="bq" alpha3="bes" name="เนเธอร์แลนด์แอนทิลลีส"/>
    <country id="70" alpha2="ba" alpha3="bih" name="บอสเนียและเฮอร์เซโกวีนา"/>
    <country id="72" alpha2="bw" alpha3="bwa" name="บอตสวานา"/>
    <country id="74" alpha2="bv" alpha3="bvt" name="เกาะบูเว"/>
    <country id="76" alpha2="br" alpha3="bra" name="บราซิล"/>
    <country id="86" alpha2="io" alpha3="iot" name="บริติชอินเดียนโอเชียนเทร์ริทอรี"/>
    <country id="96" alpha2="bn" alpha3="brn" name="บรูไน"/>
    <country id="100" alpha2="bg" alpha3="bgr" name="บัลแกเรีย"/>
    <country id="854" alpha2="bf" alpha3="bfa" name="บูร์กินาฟาโซ"/>
    <country id="108" alpha2="bi" alpha3="bdi" name="บุรุนดี"/>
    <country id="132" alpha2="cv" alpha3="cpv" name="กาบูเวร์ดี"/>
    <country id="116" alpha2="kh" alpha3="khm" name="กัมพูชา"/>
    <country id="120" alpha2="cm" alpha3="cmr" name="แคเมอรูน"/>
    <country id="124" alpha2="ca" alpha3="can" name="แคนาดา"/>
    <country id="136" alpha2="ky" alpha3="cym" name="หมู่เกาะเคย์แมน"/>
    <country id="140" alpha2="cf" alpha3="caf" name="สาธารณรัฐแอฟริกากลาง"/>
    <country id="148" alpha2="td" alpha3="tcd" name="ชาด"/>
    <country id="152" alpha2="cl" alpha3="chl" name="ชิลี"/>
    <country id="156" alpha2="cn" alpha3="chn" name="จีน"/>
    <country id="162" alpha2="cx" alpha3="cxr" name="เกาะคริสต์มาส"/>
    <country id="166" alpha2="cc" alpha3="cck" name="หมู่เกาะโคโคส"/>
    <country id="170" alpha2="co" alpha3="col" name="โคลอมเบีย"/>
    <country id="174" alpha2="km" alpha3="com" name="คอโมโรส"/>
    <country id="178" alpha2="cg" alpha3="cog" name="สาธารณรัฐคองโก"/>
    <country id="180" alpha2="cd" alpha3="cod" name="สาธารณรัฐประชาธิปไตยคองโก"/>
    <country id="184" alpha2="ck" alpha3="cok" name="หมู่เกาะคุก"/>
    <country id="188" alpha2="cr" alpha3="cri" name="คอสตาริกา"/>
    <country id="384" alpha2="ci" alpha3="civ" name="โกตดิวัวร์"/>
    <country id="191" alpha2="hr" alpha3="hrv" name="โครเอเชีย"/>
    <country id="192" alpha2="cu" alpha3="cub" name="คิวบา"/>
    <country id="531" alpha2="cw" alpha3="cuw" name="กูราเซา"/>
    <country id="196" alpha2="cy" alpha3="cyp" name="ไซปรัส"/>
    <country id="203" alpha2="cz" alpha3="cze" name="เช็กเกีย"/>
    <country id="208" alpha2="dk" alpha3="dnk" name="เดนมาร์ก"/>
    <country id="262" alpha2="dj" alpha3="dji" name="จิบูตี"/>
    <country id="212" alpha2="dm" alpha3="dma" name="ดอมินีกา"/>
    <country id="214" alpha2="do" alpha3="dom" name="สาธารณรัฐโดมินิกัน"/>
    <country id="218" alpha2="ec" alpha3="ecu" name="เอกวาดอร์"/>
    <country id="818" alpha2="eg" alpha3="egy" name="อียิปต์"/>
    <country id="222" alpha2="sv" alpha3="slv" name="เอลซัลวาดอร์"/>
    <country id="226" alpha2="gq" alpha3="gnq" name="อิเควทอเรียลกินี"/>
    <country id="232" alpha2="er" alpha3="eri" name="เอริเทรีย"/>
    <country id="233" alpha2="ee" alpha3="est" name="เอสโตเนีย"/>
    <country id="748" alpha2="sz" alpha3="swz" name="เอสวาตีนี"/>
    <country id="231" alpha2="et" alpha3="eth" name="เอธิโอเปีย"/>
    <country id="238" alpha2="fk" alpha3="flk" name="หมู่เกาะฟอล์กแลนด์"/>
    <country id="234" alpha2="fo" alpha3="fro" name="หมู่เกาะแฟโร"/>
    <country id="242" alpha2="fj" alpha3="fji" name="ฟีจี"/>
    <country id="246" alpha2="fi" alpha3="fin" name="ฟินแลนด์"/>
    <country id="250" alpha2="fr" alpha3="fra" name="ฝรั่งเศส"/>
    <country id="254" alpha2="gf" alpha3="guf" name="เฟรนช์เกียนา"/>
    <country id="258" alpha2="pf" alpha3="pyf" name="เฟรนช์พอลินีเชีย"/>
    <country id="260" alpha2="tf" alpha3="atf" name="เฟรนช์เซาเทิร์นและแอนตาร์กติกแลนดส์"/>
    <country id="266" alpha2="ga" alpha3="gab" name="กาบอง"/>
    <country id="270" alpha2="gm" alpha3="gmb" name="แกมเบีย"/>
    <country id="268" alpha2="ge" alpha3="geo" name="จอร์เจีย"/>
    <country id="276" alpha2="de" alpha3="deu" name="เยอรมนี"/>
    <country id="288" alpha2="gh" alpha3="gha" name="กานา"/>
    <country id="292" alpha2="gi" alpha3="gib" name="ยิบรอลตาร์"/>
    <country id="300" alpha2="gr" alpha3="grc" name="กรีซ"/>
    <country id="304" alpha2="gl" alpha3="grl" name="กรีนแลนด์"/>
    <country id="308" alpha2="gd" alpha3="grd" name="กรีเนดา"/>
    <country id="312" alpha2="gp" alpha3="glp" name="กัวเดอลุป"/>
    <country id="316" alpha2="gu" alpha3="gum" name="กวม"/>
    <country id="320" alpha2="gt" alpha3="gtm" name="กัวเตมาลา"/>
    <country id="831" alpha2="gg" alpha3="ggy" name="เกิร์นซีย์"/>
    <country id="324" alpha2="gn" alpha3="gin" name="กินี"/>
    <country id="624" alpha2="gw" alpha3="gnb" name="กินี-บิสเซา"/>
    <country id="328" alpha2="gy" alpha3="guy" name="กายอานา"/>
    <country id="332" alpha2="ht" alpha3="hti" name="เฮติ"/>
    <country id="334" alpha2="hm" alpha3="hmd" name="เกาะเฮิร์ดและหมู่เกาะแมกดอนัลด์"/>
    <country id="336" alpha2="va" alpha3="vat" name="นครรัฐวาติกัน"/>
    <country id="340" alpha2="hn" alpha3="hnd" name="ฮอนดูรัส"/>
    <country id="344" alpha2="hk" alpha3="hkg" name="ฮ่องกง"/>
    <country id="348" alpha2="hu" alpha3="hun" name="ฮังการี"/>
    <country id="352" alpha2="is" alpha3="isl" name="ไอซ์แลนด์"/>
    <country id="356" alpha2="in" alpha3="ind" name="อินเดีย"/>
    <country id="360" alpha2="id" alpha3="idn" name="อินโดนีเซีย"/>
    <country id="364" alpha2="ir" alpha3="irn" name="อิหร่าน"/>
    <country id="368" alpha2="iq" alpha3="irq" name="อิรัก"/>
    <country id="372" alpha2="ie" alpha3="irl" name="ไอร์แลนด์"/>
    <country id="833" alpha2="im" alpha3="imn" name="ไอล์ออฟแมน"/>
    <country id="376" alpha2="il" alpha3="isr" name="อิสราเอล"/>
    <country id="380" alpha2="it" alpha3="ita" name="อิตาลี"/>
    <country id="388" alpha2="jm" alpha3="jam" name="จาเมกา"/>
    <country id="392" alpha2="jp" alpha3="jpn" name="ญี่ปุ่น"/>
    <country id="832" alpha2="je" alpha3="jey" name="เจอร์ซีย์"/>
    <country id="400" alpha2="jo" alpha3="jor" name="จอร์แดน"/>
    <country id="398" alpha2="kz" alpha3="kaz" name="คาซัคสถาน"/>
    <country id="404" alpha2="ke" alpha3="ken" name="เคนยา"/>
    <country id="296" alpha2="ki" alpha3="kir" name="คิริบาส"/>
    <country id="408" alpha2="kp" alpha3="prk" name="เกาหลีเหนือ"/>
    <country id="410" alpha2="kr" alpha3="kor" name="เกาหลีใต้"/>
    <country id="414" alpha2="kw" alpha3="kwt" name="คูเวต"/>
    <country id="417" alpha2="kg" alpha3="kgz" name="คีร์กีซสถาน"/>
    <country id="418" alpha2="la" alpha3="lao" name="ลาว"/>
    <country id="428" alpha2="lv" alpha3="lva" name="ลัตเวีย"/>
    <country id="422" alpha2="lb" alpha3="lbn" name="เลบานอน"/>
    <country id="426" alpha2="ls" alpha3="lso" name="เลโซโท"/>
    <country id="430" alpha2="lr" alpha3="lbr" name="ไลบีเรีย"/>
    <country id="434" alpha2="ly" alpha3="lby" name="ลิเบีย"/>
    <country id="438" alpha2="li" alpha3="lie" name="ลีชเทินชไตน์"/>
    <country id="440" alpha2="lt" alpha3="ltu" name="ลิทัวเนีย"/>
    <country id="442" alpha2="lu" alpha3="lux" name="ลักเซมเบิร์ก"/>
    <country id="446" alpha2="mo" alpha3="mac" name="มาเก๊า"/>
    <country id="450" alpha2="mg" alpha3="mdg" name="มาดากัสการ์"/>
    <country id="454" alpha2="mw" alpha3="mwi" name="มาลาวี"/>
    <country id="458" alpha2="my" alpha3="mys" name="มาเลเซีย"/>
    <country id="462" alpha2="mv" alpha3="mdv" name="มัลดีฟส์"/>
    <country id="466" alpha2="ml" alpha3="mli" name="มาลี"/>
    <country id="470" alpha2="mt" alpha3="mlt" name="มอลตา"/>
    <country id="584" alpha2="mh" alpha3="mhl" name="หมู่เกาะมาร์แชลล์"/>
    <country id="474" alpha2="mq" alpha3="mtq" name="มาร์ตีนิก"/>
    <country id="478" alpha2="mr" alpha3="mrt" name="มอริเตเนีย"/>
    <country id="480" alpha2="mu" alpha3="mus" name="มอริเชียส"/>
    <country id="175" alpha2="yt" alpha3="myt" name="มายอต"/>
    <country id="484" alpha2="mx" alpha3="mex" name="เม็กซิโก"/>
    <country id="583" alpha2="fm" alpha3="fsm" name="ไมโครนีเชีย"/>
    <country id="498" alpha2="md" alpha3="mda" name="มอลโดวา"/>
    <country id="492" alpha2="mc" alpha3="mco" name="โมนาโก"/>
    <country id="496" alpha2="mn" alpha3="mng" name="มองโกเลีย"/>
    <country id="499" alpha2="me" alpha3="mne" name="มอนเตเนโกร"/>
    <country id="500" alpha2="ms" alpha3="msr" name="มอนต์เซอร์รัต"/>
    <country id="504" alpha2="ma" alpha3="mar" name="โมร็อกโก"/>
    <country id="508" alpha2="mz" alpha3="moz" name="โมซัมบิก"/>
    <country id="104" alpha2="mm" alpha3="mmr" name="พม่า"/>
    <country id="516" alpha2="na" alpha3="nam" name="นามิเบีย"/>
    <country id="520" alpha2="nr" alpha3="nru" name="นาอูรู"/>
    <country id="524" alpha2="np" alpha3="npl" name="เนปาล"/>
    <country id="528" alpha2="nl" alpha3="nld" name="เนเธอร์แลนด์"/>
    <country id="540" alpha2="nc" alpha3="ncl" name="นิวแคลิโดเนีย"/>
    <country id="554" alpha2="nz" alpha3="nzl" name="นิวซีแลนด์"/>
    <country id="558" alpha2="ni" alpha3="nic" name="นิการากัว"/>
    <country id="562" alpha2="ne" alpha3="ner" name="ไนเจอร์"/>
    <country id="566" alpha2="ng" alpha3="nga" name="ไนจีเรีย"/>
    <country id="570" alpha2="nu" alpha3="niu" name="นีวเว"/>
    <country id="574" alpha2="nf" alpha3="nfk" name="เกาะนอร์ฟอล์ก"/>
    <country id="807" alpha2="mk" alpha3="mkd" name="มาซิโดเนียเหนือ"/>
    <country id="580" alpha2="mp" alpha3="mnp" name="หมู่เกาะนอร์เทิร์นมาเรียนา"/>
    <country id="578" alpha2="no" alpha3="nor" name="นอร์เวย์"/>
    <country id="512" alpha2="om" alpha3="omn" name="โอมาน"/>
    <country id="586" alpha2="pk" alpha3="pak" name="ปากีสถาน"/>
    <country id="585" alpha2="pw" alpha3="plw" name="ปาเลา"/>
    <country id="275" alpha2="ps" alpha3="pse" name="ปาเลสไตน์"/>
    <country id="591" alpha2="pa" alpha3="pan" name="ปานามา"/>
    <country id="598" alpha2="pg" alpha3="png" name="ปาปัวนิวกินี"/>
    <country id="600" alpha2="py" alpha3="pry" name="ปารากวัย"/>
    <country id="604" alpha2="pe" alpha3="per" name="เปรู"/>
    <country id="608" alpha2="ph" alpha3="phl" name="ฟิลิปปินส์"/>
    <country id="612" alpha2="pn" alpha3="pcn" name="หมู่เกาะพิตแคร์น"/>
    <country id="616" alpha2="pl" alpha3="pol" name="โปแลนด์"/>
    <country id="620" alpha2="pt" alpha3="prt" name="โปรตุเกส"/>
    <country id="630" alpha2="pr" alpha3="pri" name="ปวยร์โตรีโก"/>
    <country id="634" alpha2="qa" alpha3="qat" name="กาตาร์"/>
    <country id="638" alpha2="re" alpha3="reu" name="เรอูว์นียง"/>
    <country id="642" alpha2="ro" alpha3="rou" name="โรมาเนีย"/>
    <country id="643" alpha2="ru" alpha3="rus" name="รัสเซีย"/>
    <country id="646" alpha2="rw" alpha3="rwa" name="รวันดา"/>
    <country id="652" alpha2="bl" alpha3="blm" name="แซ็ง–บาร์เตเลมี"/>
    <country id="654" alpha2="sh" alpha3="shn" name="เซนต์เฮเลนา"/>
    <country id="659" alpha2="kn" alpha3="kna" name="เซนต์คิตส์และเนวิส"/>
    <country id="662" alpha2="lc" alpha3="lca" name="เซนต์ลูเชีย"/>
    <country id="663" alpha2="mf" alpha3="maf" name="เซนต์มาร์ติน"/>
    <country id="666" alpha2="pm" alpha3="spm" name="แซงปีแยร์และมีเกอลง"/>
    <country id="670" alpha2="vc" alpha3="vct" name="เซนต์วินเซนต์และเกรนาดีนส์"/>
    <country id="882" alpha2="ws" alpha3="wsm" name="ซามัว"/>
    <country id="674" alpha2="sm" alpha3="smr" name="ซานมารีโน"/>
    <country id="678" alpha2="st" alpha3="stp" name="เซาตูแมอีปริงซีป"/>
    <country id="682" alpha2="sa" alpha3="sau" name="ซาอุดีอาระเบีย"/>
    <country id="686" alpha2="sn" alpha3="sen" name="เซเนกัล"/>
    <country id="688" alpha2="rs" alpha3="srb" name="เซอร์เบีย"/>
    <country id="690" alpha2="sc" alpha3="syc" name="เซเชลส์"/>
    <country id="694" alpha2="sl" alpha3="sle" name="เซียร์ราลีโอน"/>
    <country id="702" alpha2="sg" alpha3="sgp" name="สิงคโปร์"/>
    <country id="534" alpha2="sx" alpha3="sxm" name="ซินต์มาร์เติน"/>
    <country id="703" alpha2="sk" alpha3="svk" name="สโลวาเกีย"/>
    <country id="705" alpha2="si" alpha3="svn" name="สโลวีเนีย"/>
    <country id="90" alpha2="sb" alpha3="slb" name="หมู่เกาะโซโลมอน"/>
    <country id="706" alpha2="so" alpha3="som" name="โซมาเลีย"/>
    <country id="710" alpha2="za" alpha3="zaf" name="แอฟริกาใต้"/>
    <country id="239" alpha2="gs" alpha3="sgs" name="เกาะเซาท์จอร์เจียและหมู่เกาะเซาท์แซนด์วิช"/>
    <country id="728" alpha2="ss" alpha3="ssd" name="ซูดานใต้"/>
    <country id="724" alpha2="es" alpha3="esp" name="สเปน"/>
    <country id="144" alpha2="lk" alpha3="lka" name="ศรีลังกา"/>
    <country id="729" alpha2="sd" alpha3="sdn" name="ซูดาน"/>
    <country id="740" alpha2="sr" alpha3="sur" name="ซูรินาม"/>
    <country id="744" alpha2="sj" alpha3="sjm" name="‎สฟาลบาร์และยานไมเอน"/>
    <country id="752" alpha2="se" alpha3="swe" name="สวีเดน"/>
    <country id="756" alpha2="ch" alpha3="che" name="สวิตเซอร์แลนด์"/>
    <country id="760" alpha2="sy" alpha3="syr" name="ซีเรีย"/>
    <country id="158" alpha2="tw" alpha3="twn" name="ไต้หวัน"/>
    <country id="762" alpha2="tj" alpha3="tjk" name="ทาจิกิสถาน"/>
    <country id="834" alpha2="tz" alpha3="tza" name="แทนซาเนีย"/>
    <country id="764" alpha2="th" alpha3="tha" name="ไทย"/>
    <country id="626" alpha2="tl" alpha3="tls" name="ติมอร์-เลสเต"/>
    <country id="768" alpha2="tg" alpha3="tgo" name="โตโก"/>
    <country id="772" alpha2="tk" alpha3="tkl" name="โตเกเลา"/>
    <country id="776" alpha2="to" alpha3="ton" name="ตองงา"/>
    <country id="780" alpha2="tt" alpha3="tto" name="ตรินิแดดและโตเบโก"/>
    <country id="788" alpha2="tn" alpha3="tun" name="ตูนิเซีย"/>
    <country id="792" alpha2="tr" alpha3="tur" name="ตุรกี"/>
    <country id="795" alpha2="tm" alpha3="tkm" name="เติร์กเมนิสถาน"/>
    <country id="796" alpha2="tc" alpha3="tca" name="หมู่เกาะเติกส์และเคคอส"/>
    <country id="798" alpha2="tv" alpha3="tuv" name="ตูวาลู"/>
    <country id="800" alpha2="ug" alpha3="uga" name="ยูกันดา"/>
    <country id="804" alpha2="ua" alpha3="ukr" name="ยูเครน"/>
    <country id="784" alpha2="ae" alpha3="are" name="สหรัฐอาหรับเอมิเรตส์"/>
    <country id="826" alpha2="gb" alpha3="gbr" name="สหราชอาณาจักร"/>
    <country id="840" alpha2="us" alpha3="usa" name="สหรัฐ"/>
    <country id="581" alpha2="um" alpha3="umi" name="เกาะเล็กรอบนอกของสหรัฐอเมริกา"/>
    <country id="858" alpha2="uy" alpha3="ury" name="อุรุกวัย"/>
    <country id="860" alpha2="uz" alpha3="uzb" name="อุซเบกิสถาน"/>
    <country id="548" alpha2="vu" alpha3="vut" name="วานูวาตู"/>
    <country id="862" alpha2="ve" alpha3="ven" name="เวเนซุเอลา"/>
    <country id="704" alpha2="vn" alpha3="vnm" name="เวียดนาม"/>
    <country id="92" alpha2="vg" alpha3="vgb" name="หมู่เกาะบริติชเวอร์จิน"/>
    <country id="850" alpha2="vi" alpha3="vir" name="หมู่เกาะเวอร์จินของสหรัฐ"/>
    <country id="876" alpha2="wf" alpha3="wlf" name="วอลิสและฟูตูนา"/>
    <country id="732" alpha2="eh" alpha3="esh" name="เวสเทิร์นสะฮารา"/>
    <country id="887" alpha2="ye" alpha3="yem" name="เยเมน"/>
    <country id="894" alpha2="zm" alpha3="zmb" name="แซมเบีย"/>
    <country id="716" alpha2="zw" alpha3="zwe" name="ซิมบับเว"/>
</countries>
