[{"id":4,"alpha2":"af","alpha3":"afg","name":"Avganistan"},
{"id":8,"alpha2":"al","alpha3":"alb","name":"Albanija"},
{"id":12,"alpha2":"dz","alpha3":"dza","name":"Alžir"},
{"id":16,"alpha2":"as","alpha3":"asm","name":"Američka Samoa"},
{"id":850,"alpha2":"vi","alpha3":"vir","name":"Američka Devičanska Ostrva"},
{"id":20,"alpha2":"ad","alpha3":"and","name":"Andora"},
{"id":24,"alpha2":"ao","alpha3":"ago","name":"Angola"},
{"id":660,"alpha2":"ai","alpha3":"aia","name":"Angvila"},
{"id":10,"alpha2":"aq","alpha3":"ata","name":"Antarktik"},
{"id":28,"alpha2":"ag","alpha3":"atg","name":"Antigva i Barbuda"},
{"id":32,"alpha2":"ar","alpha3":"arg","name":"Argentina"},
{"id":533,"alpha2":"aw","alpha3":"abw","name":"Aruba"},
{"id":36,"alpha2":"au","alpha3":"aus","name":"Australija"},
{"id":40,"alpha2":"at","alpha3":"aut","name":"Austrija"},
{"id":31,"alpha2":"az","alpha3":"aze","name":"Azerbejdžan"},
{"id":44,"alpha2":"bs","alpha3":"bhs","name":"Bahami"},
{"id":48,"alpha2":"bh","alpha3":"bhr","name":"Bahrein"},
{"id":50,"alpha2":"bd","alpha3":"bgd","name":"Bangladeš"},
{"id":52,"alpha2":"bb","alpha3":"brb","name":"Barbados"},
{"id":56,"alpha2":"be","alpha3":"bel","name":"Belgija"},
{"id":84,"alpha2":"bz","alpha3":"blz","name":"Belize"},
{"id":112,"alpha2":"by","alpha3":"blr","name":"Belorusija"},
{"id":204,"alpha2":"bj","alpha3":"ben","name":"Benin"},
{"id":60,"alpha2":"bm","alpha3":"bmu","name":"Bermudi"},
{"id":64,"alpha2":"bt","alpha3":"btn","name":"Butan"},
{"id":68,"alpha2":"bo","alpha3":"bol","name":"Bolivija"},
{"id":70,"alpha2":"ba","alpha3":"bih","name":"Bosna i Hercegovina"},
{"id":72,"alpha2":"bw","alpha3":"bwa","name":"Bocvana"},
{"id":535,"alpha2":"bq","alpha3":"bes","name":"Boner, Sveti Eustahije, Saba"},
{"id":162,"alpha2":"cx","alpha3":"cxr","name":"Božićno Ostrvo"},
{"id":74,"alpha2":"bv","alpha3":"bvt","name":"Buvetovo Ostrvo"},
{"id":76,"alpha2":"br","alpha3":"bra","name":"Brazil"},
{"id":86,"alpha2":"io","alpha3":"iot","name":"Britanska Teritorija Indijskog Okeana"},
{"id":92,"alpha2":"vg","alpha3":"vgb","name":"Britanska Devičanska Ostrva"},
{"id":96,"alpha2":"bn","alpha3":"brn","name":"Brunej"},
{"id":100,"alpha2":"bg","alpha3":"bgr","name":"Bugarska"},
{"id":854,"alpha2":"bf","alpha3":"bfa","name":"Burkina Faso"},
{"id":108,"alpha2":"bi","alpha3":"bdi","name":"Burundi"},
{"id":140,"alpha2":"cf","alpha3":"caf","name":"Centralnoafrička Republika"},
{"id":499,"alpha2":"me","alpha3":"mne","name":"Crna Gora"},
{"id":148,"alpha2":"td","alpha3":"tcd","name":"Čad"},
{"id":203,"alpha2":"cz","alpha3":"cze","name":"Češka"},
{"id":152,"alpha2":"cl","alpha3":"chl","name":"Čile"},
{"id":531,"alpha2":"cw","alpha3":"cuw","name":"Kurasao"},
{"id":208,"alpha2":"dk","alpha3":"dnk","name":"Danska"},
{"id":180,"alpha2":"cd","alpha3":"cod","name":"Demokratska Republika Kongo"},
{"id":212,"alpha2":"dm","alpha3":"dma","name":"Dominika"},
{"id":214,"alpha2":"do","alpha3":"dom","name":"Dominikanska Republika"},
{"id":832,"alpha2":"je","alpha3":"jey","name":"Džersi"},
{"id":262,"alpha2":"dj","alpha3":"dji","name":"Džibuti"},
{"id":818,"alpha2":"eg","alpha3":"egy","name":"Egipat"},
{"id":218,"alpha2":"ec","alpha3":"ecu","name":"Ekvador"},
{"id":226,"alpha2":"gq","alpha3":"gnq","name":"Ekvatorijalna Gvineja"},
{"id":232,"alpha2":"er","alpha3":"eri","name":"Eritreja"},
{"id":233,"alpha2":"ee","alpha3":"est","name":"Estonija"},
{"id":231,"alpha2":"et","alpha3":"eth","name":"Etiopija"},
{"id":234,"alpha2":"fo","alpha3":"fro","name":"Farska Ostrva"},
{"id":238,"alpha2":"fk","alpha3":"flk","name":"Folklandska Ostrva (Malvini)"},
{"id":242,"alpha2":"fj","alpha3":"fji","name":"Fidži"},
{"id":608,"alpha2":"ph","alpha3":"phl","name":"Filipini"},
{"id":246,"alpha2":"fi","alpha3":"fin","name":"Finska"},
{"id":250,"alpha2":"fr","alpha3":"fra","name":"Francuska"},
{"id":254,"alpha2":"gf","alpha3":"guf","name":"Francuska Gijana"},
{"id":260,"alpha2":"tf","alpha3":"atf","name":"Francuske južne i antarktičke zemlje"},
{"id":258,"alpha2":"pf","alpha3":"pyf","name":"Francuska Polinezija"},
{"id":266,"alpha2":"ga","alpha3":"gab","name":"Gabon"},
{"id":270,"alpha2":"gm","alpha3":"gmb","name":"Gambija"},
{"id":288,"alpha2":"gh","alpha3":"gha","name":"Gana"},
{"id":831,"alpha2":"gg","alpha3":"ggy","name":"Gernzi"},
{"id":292,"alpha2":"gi","alpha3":"gib","name":"Gibraltar"},
{"id":300,"alpha2":"gr","alpha3":"grc","name":"Grčka"},
{"id":308,"alpha2":"gd","alpha3":"grd","name":"Grenada"},
{"id":304,"alpha2":"gl","alpha3":"grl","name":"Grenland"},
{"id":268,"alpha2":"ge","alpha3":"geo","name":"Gruzija"},
{"id":312,"alpha2":"gp","alpha3":"glp","name":"Gvadelup"},
{"id":316,"alpha2":"gu","alpha3":"gum","name":"Gvam"},
{"id":320,"alpha2":"gt","alpha3":"gtm","name":"Gvatemala"},
{"id":324,"alpha2":"gn","alpha3":"gin","name":"Gvineja"},
{"id":624,"alpha2":"gw","alpha3":"gnb","name":"Gvineja Bisao"},
{"id":328,"alpha2":"gy","alpha3":"guy","name":"Gijana"},
{"id":332,"alpha2":"ht","alpha3":"hti","name":"Haiti"},
{"id":340,"alpha2":"hn","alpha3":"hnd","name":"Honduras"},
{"id":344,"alpha2":"hk","alpha3":"hkg","name":"Hongkong"},
{"id":191,"alpha2":"hr","alpha3":"hrv","name":"Hrvatska"},
{"id":356,"alpha2":"in","alpha3":"ind","name":"Indija"},
{"id":360,"alpha2":"id","alpha3":"idn","name":"Indonezija"},
{"id":368,"alpha2":"iq","alpha3":"irq","name":"Irak"},
{"id":364,"alpha2":"ir","alpha3":"irn","name":"Iran"},
{"id":372,"alpha2":"ie","alpha3":"irl","name":"Irska"},
{"id":352,"alpha2":"is","alpha3":"isl","name":"Island"},
{"id":626,"alpha2":"tl","alpha3":"tls","name":"Istočni Timor"},
{"id":380,"alpha2":"it","alpha3":"ita","name":"Italija"},
{"id":376,"alpha2":"il","alpha3":"isr","name":"Izrael"},
{"id":388,"alpha2":"jm","alpha3":"jam","name":"Jamajka"},
{"id":392,"alpha2":"jp","alpha3":"jpn","name":"Japan"},
{"id":887,"alpha2":"ye","alpha3":"yem","name":"Jemen"},
{"id":51,"alpha2":"am","alpha3":"arm","name":"Jermenija"},
{"id":710,"alpha2":"za","alpha3":"zaf","name":"Južnoafrička Republika"},
{"id":239,"alpha2":"gs","alpha3":"sgs","name":"Južna Džordžija i Južna Sendvička Ostrva"},
{"id":410,"alpha2":"kr","alpha3":"kor","name":"Južna Koreja"},
{"id":400,"alpha2":"jo","alpha3":"jor","name":"Jordan"},
{"id":136,"alpha2":"ky","alpha3":"cym","name":"Kajmanska Ostrva"},
{"id":116,"alpha2":"kh","alpha3":"khm","name":"Kambodža"},
{"id":120,"alpha2":"cm","alpha3":"cmr","name":"Kamerun"},
{"id":124,"alpha2":"ca","alpha3":"can","name":"Kanada"},
{"id":634,"alpha2":"qa","alpha3":"qat","name":"Katar"},
{"id":398,"alpha2":"kz","alpha3":"kaz","name":"Kazahstan"},
{"id":156,"alpha2":"cn","alpha3":"chn","name":"Kina"},
{"id":404,"alpha2":"ke","alpha3":"ken","name":"Kenija"},
{"id":296,"alpha2":"ki","alpha3":"kir","name":"Kiribati"},
{"id":166,"alpha2":"cc","alpha3":"cck","name":"Kokosova ostrva"},
{"id":170,"alpha2":"co","alpha3":"col","name":"Kolumbija"},
{"id":174,"alpha2":"km","alpha3":"com","name":"Komori"},
{"id":178,"alpha2":"cg","alpha3":"cog","name":"Kongo"},
{"id":188,"alpha2":"cr","alpha3":"cri","name":"Kostarika"},
{"id":192,"alpha2":"cu","alpha3":"cub","name":"Kuba"},
{"id":184,"alpha2":"ck","alpha3":"cok","name":"Kukova ostrva"},
{"id":414,"alpha2":"kw","alpha3":"kwt","name":"Kuvajt"},
{"id":196,"alpha2":"cy","alpha3":"cyp","name":"Kipar"},
{"id":417,"alpha2":"kg","alpha3":"kgz","name":"Kirgizija"},
{"id":418,"alpha2":"la","alpha3":"lao","name":"Laos"},
{"id":426,"alpha2":"ls","alpha3":"lso","name":"Lesoto"},
{"id":422,"alpha2":"lb","alpha3":"lbn","name":"Liban"},
{"id":430,"alpha2":"lr","alpha3":"lbr","name":"Liberija"},
{"id":434,"alpha2":"ly","alpha3":"lby","name":"Libija"},
{"id":438,"alpha2":"li","alpha3":"lie","name":"Lihtenštajn"},
{"id":440,"alpha2":"lt","alpha3":"ltu","name":"Litvanija"},
{"id":428,"alpha2":"lv","alpha3":"lva","name":"Letonija"},
{"id":442,"alpha2":"lu","alpha3":"lux","name":"Luksemburg"},
{"id":446,"alpha2":"mo","alpha3":"mac","name":"Makao"},
{"id":450,"alpha2":"mg","alpha3":"mdg","name":"Madagaskar"},
{"id":348,"alpha2":"hu","alpha3":"hun","name":"Mađarska"},
{"id":807,"alpha2":"mk","alpha3":"mkd","name":"Makedonija"},
{"id":458,"alpha2":"my","alpha3":"mys","name":"Malezija"},
{"id":454,"alpha2":"mw","alpha3":"mwi","name":"Malavi"},
{"id":462,"alpha2":"mv","alpha3":"mdv","name":"Maldivi"},
{"id":466,"alpha2":"ml","alpha3":"mli","name":"Mali"},
{"id":470,"alpha2":"mt","alpha3":"mlt","name":"Malta"},
{"id":504,"alpha2":"ma","alpha3":"mar","name":"Maroko"},
{"id":584,"alpha2":"mh","alpha3":"mhl","name":"Maršalska Ostrva"},
{"id":474,"alpha2":"mq","alpha3":"mtq","name":"Martinik"},
{"id":480,"alpha2":"mu","alpha3":"mus","name":"Mauricijus"},
{"id":478,"alpha2":"mr","alpha3":"mrt","name":"Mauritanija"},
{"id":175,"alpha2":"yt","alpha3":"myt","name":"Majot"},
{"id":581,"alpha2":"um","alpha3":"umi","name":"Manja udaljena ostrva SAD"},
{"id":484,"alpha2":"mx","alpha3":"mex","name":"Meksiko"},
{"id":583,"alpha2":"fm","alpha3":"fsm","name":"Mikronezija"},
{"id":498,"alpha2":"md","alpha3":"mda","name":"Moldavija"},
{"id":492,"alpha2":"mc","alpha3":"mco","name":"Monako"},
{"id":496,"alpha2":"mn","alpha3":"mng","name":"Mongolija"},
{"id":500,"alpha2":"ms","alpha3":"msr","name":"Monserat"},
{"id":508,"alpha2":"mz","alpha3":"moz","name":"Mozambik"},
{"id":104,"alpha2":"mm","alpha3":"mmr","name":"Mjanmar"},
{"id":516,"alpha2":"na","alpha3":"nam","name":"Namibija"},
{"id":520,"alpha2":"nr","alpha3":"nru","name":"Nauru"},
{"id":276,"alpha2":"de","alpha3":"deu","name":"Nemačka"},
{"id":524,"alpha2":"np","alpha3":"npl","name":"Nepal"},
{"id":562,"alpha2":"ne","alpha3":"ner","name":"Niger"},
{"id":566,"alpha2":"ng","alpha3":"nga","name":"Nigerija"},
{"id":558,"alpha2":"ni","alpha3":"nic","name":"Nikaragva"},
{"id":570,"alpha2":"nu","alpha3":"niu","name":"Nijue"},
{"id":528,"alpha2":"nl","alpha3":"nld","name":"Holandija"},
{"id":574,"alpha2":"nf","alpha3":"nfk","name":"Norfolk"},
{"id":578,"alpha2":"no","alpha3":"nor","name":"Norveška"},
{"id":540,"alpha2":"nc","alpha3":"ncl","name":"Nova Kaledonija"},
{"id":554,"alpha2":"nz","alpha3":"nzl","name":"Novi Zeland"},
{"id":384,"alpha2":"ci","alpha3":"civ","name":"Obala slonovače"},
{"id":248,"alpha2":"ax","alpha3":"ala","name":"Olandska Ostrva"},
{"id":512,"alpha2":"om","alpha3":"omn","name":"Oman"},
{"id":612,"alpha2":"pn","alpha3":"pcn","name":"Ostrva Pitkern"},
{"id":334,"alpha2":"hm","alpha3":"hmd","name":"Ostrva Herd i Makdonald"},
{"id":833,"alpha2":"im","alpha3":"imn","name":"Ostrvo Men"},
{"id":586,"alpha2":"pk","alpha3":"pak","name":"Pakistan"},
{"id":585,"alpha2":"pw","alpha3":"plw","name":"Palau"},
{"id":275,"alpha2":"ps","alpha3":"pse","name":"Palestina"},
{"id":591,"alpha2":"pa","alpha3":"pan","name":"Panama"},
{"id":598,"alpha2":"pg","alpha3":"png","name":"Papua Nova Gvineja"},
{"id":600,"alpha2":"py","alpha3":"pry","name":"Paragvaj"},
{"id":604,"alpha2":"pe","alpha3":"per","name":"Peru"},
{"id":616,"alpha2":"pl","alpha3":"pol","name":"Poljska"},
{"id":630,"alpha2":"pr","alpha3":"pri","name":"Portoriko"},
{"id":620,"alpha2":"pt","alpha3":"prt","name":"Portugal"},
{"id":638,"alpha2":"re","alpha3":"reu","name":"Reinion"},
{"id":642,"alpha2":"ro","alpha3":"rou","name":"Rumunija"},
{"id":646,"alpha2":"rw","alpha3":"rwa","name":"Ruanda"},
{"id":643,"alpha2":"ru","alpha3":"rus","name":"Rusija"},
{"id":222,"alpha2":"sv","alpha3":"slv","name":"Salvador"},
{"id":882,"alpha2":"ws","alpha3":"wsm","name":"Samoa"},
{"id":674,"alpha2":"sm","alpha3":"smr","name":"San Marino"},
{"id":652,"alpha2":"bl","alpha3":"blm","name":"Sen Bartelemi"},
{"id":663,"alpha2":"mf","alpha3":"maf","name":"Sveti Martin (Francuska)"},
{"id":534,"alpha2":"sx","alpha3":"sxm","name":"Sveti Martin (Holandija)"},
{"id":678,"alpha2":"st","alpha3":"stp","name":"Sao Tome i Principe"},
{"id":682,"alpha2":"sa","alpha3":"sau","name":"Saudijska Arabija"},
{"id":686,"alpha2":"sn","alpha3":"sen","name":"Senegal"},
{"id":408,"alpha2":"kp","alpha3":"prk","name":"Severna Koreja"},
{"id":580,"alpha2":"mp","alpha3":"mnp","name":"Severna Marijanska Ostrva"},
{"id":690,"alpha2":"sc","alpha3":"syc","name":"Sejšeli"},
{"id":694,"alpha2":"sl","alpha3":"sle","name":"Sijera Leone"},
{"id":702,"alpha2":"sg","alpha3":"sgp","name":"Singapur"},
{"id":760,"alpha2":"sy","alpha3":"syr","name":"Sirija"},
{"id":840,"alpha2":"us","alpha3":"usa","name":"Sjedinjene Američke Države"},
{"id":703,"alpha2":"sk","alpha3":"svk","name":"Slovačka"},
{"id":705,"alpha2":"si","alpha3":"svn","name":"Slovenija"},
{"id":90,"alpha2":"sb","alpha3":"slb","name":"Solomonova Ostrva"},
{"id":706,"alpha2":"so","alpha3":"som","name":"Somalija"},
{"id":688,"alpha2":"rs","alpha3":"srb","name":"Srbija"},
{"id":728,"alpha2":"ss","alpha3":"ssd","name":"Južni Sudan"},
{"id":729,"alpha2":"sd","alpha3":"sdn","name":"Sudan"},
{"id":740,"alpha2":"sr","alpha3":"sur","name":"Surinam"},
{"id":744,"alpha2":"sj","alpha3":"sjm","name":"Svalbard i Jan Majen"},
{"id":654,"alpha2":"sh","alpha3":"shn","name":"Sveta Jelena"},
{"id":662,"alpha2":"lc","alpha3":"lca","name":"Sveta Lucija"},
{"id":659,"alpha2":"kn","alpha3":"kna","name":"Sveti Kits i Nevis"},
{"id":666,"alpha2":"pm","alpha3":"spm","name":"Sveti Pjer i Mikelon"},
{"id":670,"alpha2":"vc","alpha3":"vct","name":"Sveti Vinsent i Grenadini"},
{"id":748,"alpha2":"sz","alpha3":"swz","name":"Svazilend"},
{"id":724,"alpha2":"es","alpha3":"esp","name":"Španija"},
{"id":144,"alpha2":"lk","alpha3":"lka","name":"Šri Lanka"},
{"id":752,"alpha2":"se","alpha3":"swe","name":"Švedska"},
{"id":756,"alpha2":"ch","alpha3":"che","name":"Švajcarska"},
{"id":762,"alpha2":"tj","alpha3":"tjk","name":"Tadžikistan"},
{"id":834,"alpha2":"tz","alpha3":"tza","name":"Tanzanija"},
{"id":764,"alpha2":"th","alpha3":"tha","name":"Tajland"},
{"id":158,"alpha2":"tw","alpha3":"twn","name":"Tajvan"},
{"id":768,"alpha2":"tg","alpha3":"tgo","name":"Togo"},
{"id":772,"alpha2":"tk","alpha3":"tkl","name":"Tokelau"},
{"id":776,"alpha2":"to","alpha3":"ton","name":"Tonga"},
{"id":780,"alpha2":"tt","alpha3":"tto","name":"Trinidad i Tobago"},
{"id":788,"alpha2":"tn","alpha3":"tun","name":"Tunis"},
{"id":792,"alpha2":"tr","alpha3":"tur","name":"Turska"},
{"id":795,"alpha2":"tm","alpha3":"tkm","name":"Turkmenistan"},
{"id":796,"alpha2":"tc","alpha3":"tca","name":"Turks i Kajkos"},
{"id":798,"alpha2":"tv","alpha3":"tuv","name":"Tuvalu"},
{"id":800,"alpha2":"ug","alpha3":"uga","name":"Uganda"},
{"id":784,"alpha2":"ae","alpha3":"are","name":"Ujedinjeni Arapski Emirati"},
{"id":826,"alpha2":"gb","alpha3":"gbr","name":"Ujedinjeno Kraljevstvo"},
{"id":804,"alpha2":"ua","alpha3":"ukr","name":"Ukrajina"},
{"id":858,"alpha2":"uy","alpha3":"ury","name":"Urugvaj"},
{"id":860,"alpha2":"uz","alpha3":"uzb","name":"Uzbekistan"},
{"id":548,"alpha2":"vu","alpha3":"vut","name":"Vanuatu"},
{"id":336,"alpha2":"va","alpha3":"vat","name":"Vatikan"},
{"id":862,"alpha2":"ve","alpha3":"ven","name":"Venecuela"},
{"id":704,"alpha2":"vn","alpha3":"vnm","name":"Vijetnam"},
{"id":876,"alpha2":"wf","alpha3":"wlf","name":"Valis i Futuna"},
{"id":732,"alpha2":"eh","alpha3":"esh","name":"Zapadna Sahara"},
{"id":894,"alpha2":"zm","alpha3":"zmb","name":"Zambija"},
{"id":132,"alpha2":"cv","alpha3":"cpv","name":"Zelenortska Ostrva"},
{"id":716,"alpha2":"zw","alpha3":"zwe","name":"Zimbabve"}]