<?xml version="1.0" encoding="UTF-8"?>
<countries>
    <country id="4" alpha2="af" alpha3="afg" name="阿富汗"/>
    <country id="8" alpha2="al" alpha3="alb" name="阿爾巴尼亞"/>
    <country id="12" alpha2="dz" alpha3="dza" name="阿爾及利亞"/>
    <country id="20" alpha2="ad" alpha3="and" name="安道爾"/>
    <country id="24" alpha2="ao" alpha3="ago" name="安哥拉"/>
    <country id="28" alpha2="ag" alpha3="atg" name="安地卡及巴布達"/>
    <country id="32" alpha2="ar" alpha3="arg" name="阿根廷"/>
    <country id="51" alpha2="am" alpha3="arm" name="亞美尼亞"/>
    <country id="36" alpha2="au" alpha3="aus" name="澳洲"/>
    <country id="40" alpha2="at" alpha3="aut" name="奧地利"/>
    <country id="31" alpha2="az" alpha3="aze" name="亞塞拜然"/>
    <country id="44" alpha2="bs" alpha3="bhs" name="巴哈馬"/>
    <country id="48" alpha2="bh" alpha3="bhr" name="巴林"/>
    <country id="50" alpha2="bd" alpha3="bgd" name="孟加拉"/>
    <country id="52" alpha2="bb" alpha3="brb" name="巴貝多"/>
    <country id="112" alpha2="by" alpha3="blr" name="白俄羅斯"/>
    <country id="56" alpha2="be" alpha3="bel" name="比利時"/>
    <country id="84" alpha2="bz" alpha3="blz" name="貝里斯"/>
    <country id="204" alpha2="bj" alpha3="ben" name="貝南"/>
    <country id="64" alpha2="bt" alpha3="btn" name="不丹"/>
    <country id="68" alpha2="bo" alpha3="bol" name="玻利維亞"/>
    <country id="70" alpha2="ba" alpha3="bih" name="波士尼亞與赫塞哥維納"/>
    <country id="72" alpha2="bw" alpha3="bwa" name="波札那"/>
    <country id="76" alpha2="br" alpha3="bra" name="巴西"/>
    <country id="96" alpha2="bn" alpha3="brn" name="汶萊"/>
    <country id="100" alpha2="bg" alpha3="bgr" name="保加利亞"/>
    <country id="854" alpha2="bf" alpha3="bfa" name="布吉納法索"/>
    <country id="108" alpha2="bi" alpha3="bdi" name="蒲隆地"/>
    <country id="132" alpha2="cv" alpha3="cpv" name="維德角"/>
    <country id="116" alpha2="kh" alpha3="khm" name="柬埔寨"/>
    <country id="120" alpha2="cm" alpha3="cmr" name="喀麥隆"/>
    <country id="124" alpha2="ca" alpha3="can" name="加拿大"/>
    <country id="140" alpha2="cf" alpha3="caf" name="中非"/>
    <country id="148" alpha2="td" alpha3="tcd" name="查德"/>
    <country id="152" alpha2="cl" alpha3="chl" name="智利"/>
    <country id="156" alpha2="cn" alpha3="chn" name="中國"/>
    <country id="170" alpha2="co" alpha3="col" name="哥倫比亞"/>
    <country id="174" alpha2="km" alpha3="com" name="葛摩"/>
    <country id="178" alpha2="cg" alpha3="cog" name="剛果共和國"/>
    <country id="180" alpha2="cd" alpha3="cod" name="剛果民主共和國"/>
    <country id="188" alpha2="cr" alpha3="cri" name="哥斯大黎加"/>
    <country id="384" alpha2="ci" alpha3="civ" name="象牙海岸"/>
    <country id="191" alpha2="hr" alpha3="hrv" name="克羅埃西亞"/>
    <country id="192" alpha2="cu" alpha3="cub" name="古巴"/>
    <country id="196" alpha2="cy" alpha3="cyp" name="賽普勒斯"/>
    <country id="203" alpha2="cz" alpha3="cze" name="捷克"/>
    <country id="208" alpha2="dk" alpha3="dnk" name="丹麥"/>
    <country id="262" alpha2="dj" alpha3="dji" name="吉布地"/>
    <country id="212" alpha2="dm" alpha3="dma" name="多米尼克"/>
    <country id="214" alpha2="do" alpha3="dom" name="多明尼加"/>
    <country id="218" alpha2="ec" alpha3="ecu" name="厄瓜多"/>
    <country id="818" alpha2="eg" alpha3="egy" name="埃及"/>
    <country id="222" alpha2="sv" alpha3="slv" name="薩爾瓦多"/>
    <country id="226" alpha2="gq" alpha3="gnq" name="赤道幾內亞"/>
    <country id="232" alpha2="er" alpha3="eri" name="厄利垂亞"/>
    <country id="233" alpha2="ee" alpha3="est" name="愛沙尼亞"/>
    <country id="748" alpha2="sz" alpha3="swz" name="史瓦帝尼"/>
    <country id="231" alpha2="et" alpha3="eth" name="衣索比亞"/>
    <country id="242" alpha2="fj" alpha3="fji" name="斐濟"/>
    <country id="246" alpha2="fi" alpha3="fin" name="芬蘭"/>
    <country id="250" alpha2="fr" alpha3="fra" name="法國"/>
    <country id="266" alpha2="ga" alpha3="gab" name="加彭"/>
    <country id="270" alpha2="gm" alpha3="gmb" name="甘比亞"/>
    <country id="268" alpha2="ge" alpha3="geo" name="喬治亞"/>
    <country id="276" alpha2="de" alpha3="deu" name="德國"/>
    <country id="288" alpha2="gh" alpha3="gha" name="迦納"/>
    <country id="300" alpha2="gr" alpha3="grc" name="希臘"/>
    <country id="308" alpha2="gd" alpha3="grd" name="格瑞那達"/>
    <country id="320" alpha2="gt" alpha3="gtm" name="瓜地馬拉"/>
    <country id="324" alpha2="gn" alpha3="gin" name="幾內亞"/>
    <country id="624" alpha2="gw" alpha3="gnb" name="幾內亞比索"/>
    <country id="328" alpha2="gy" alpha3="guy" name="蓋亞那"/>
    <country id="332" alpha2="ht" alpha3="hti" name="海地"/>
    <country id="340" alpha2="hn" alpha3="hnd" name="宏都拉斯"/>
    <country id="348" alpha2="hu" alpha3="hun" name="匈牙利"/>
    <country id="352" alpha2="is" alpha3="isl" name="冰島"/>
    <country id="356" alpha2="in" alpha3="ind" name="印度"/>
    <country id="360" alpha2="id" alpha3="idn" name="印度尼西亞"/>
    <country id="364" alpha2="ir" alpha3="irn" name="伊朗"/>
    <country id="368" alpha2="iq" alpha3="irq" name="伊拉克"/>
    <country id="372" alpha2="ie" alpha3="irl" name="愛爾蘭"/>
    <country id="376" alpha2="il" alpha3="isr" name="以色列"/>
    <country id="380" alpha2="it" alpha3="ita" name="義大利"/>
    <country id="388" alpha2="jm" alpha3="jam" name="牙買加"/>
    <country id="392" alpha2="jp" alpha3="jpn" name="日本"/>
    <country id="400" alpha2="jo" alpha3="jor" name="約旦"/>
    <country id="398" alpha2="kz" alpha3="kaz" name="哈薩克"/>
    <country id="404" alpha2="ke" alpha3="ken" name="肯亞"/>
    <country id="296" alpha2="ki" alpha3="kir" name="吉里巴斯"/>
    <country id="408" alpha2="kp" alpha3="prk" name="北韓"/>
    <country id="410" alpha2="kr" alpha3="kor" name="南韓"/>
    <country id="414" alpha2="kw" alpha3="kwt" name="科威特"/>
    <country id="417" alpha2="kg" alpha3="kgz" name="吉爾吉斯"/>
    <country id="418" alpha2="la" alpha3="lao" name="寮國"/>
    <country id="428" alpha2="lv" alpha3="lva" name="拉脫維亞"/>
    <country id="422" alpha2="lb" alpha3="lbn" name="黎巴嫩"/>
    <country id="426" alpha2="ls" alpha3="lso" name="賴索托"/>
    <country id="430" alpha2="lr" alpha3="lbr" name="賴比瑞亞"/>
    <country id="434" alpha2="ly" alpha3="lby" name="利比亞"/>
    <country id="438" alpha2="li" alpha3="lie" name="列支敦斯登"/>
    <country id="440" alpha2="lt" alpha3="ltu" name="立陶宛"/>
    <country id="442" alpha2="lu" alpha3="lux" name="盧森堡"/>
    <country id="450" alpha2="mg" alpha3="mdg" name="馬達加斯加"/>
    <country id="454" alpha2="mw" alpha3="mwi" name="馬拉威"/>
    <country id="458" alpha2="my" alpha3="mys" name="馬來西亞"/>
    <country id="462" alpha2="mv" alpha3="mdv" name="馬爾地夫"/>
    <country id="466" alpha2="ml" alpha3="mli" name="馬利"/>
    <country id="470" alpha2="mt" alpha3="mlt" name="馬爾他"/>
    <country id="584" alpha2="mh" alpha3="mhl" name="馬紹爾群島"/>
    <country id="478" alpha2="mr" alpha3="mrt" name="茅利塔尼亞"/>
    <country id="480" alpha2="mu" alpha3="mus" name="模里西斯"/>
    <country id="484" alpha2="mx" alpha3="mex" name="墨西哥"/>
    <country id="583" alpha2="fm" alpha3="fsm" name="密克羅尼西亞聯邦"/>
    <country id="498" alpha2="md" alpha3="mda" name="摩爾多瓦"/>
    <country id="492" alpha2="mc" alpha3="mco" name="摩納哥"/>
    <country id="496" alpha2="mn" alpha3="mng" name="蒙古"/>
    <country id="499" alpha2="me" alpha3="mne" name="蒙特內哥羅"/>
    <country id="504" alpha2="ma" alpha3="mar" name="摩洛哥"/>
    <country id="508" alpha2="mz" alpha3="moz" name="莫三比克"/>
    <country id="104" alpha2="mm" alpha3="mmr" name="緬甸"/>
    <country id="516" alpha2="na" alpha3="nam" name="納米比亞"/>
    <country id="520" alpha2="nr" alpha3="nru" name="諾魯"/>
    <country id="524" alpha2="np" alpha3="npl" name="尼泊爾"/>
    <country id="528" alpha2="nl" alpha3="nld" name="荷蘭"/>
    <country id="554" alpha2="nz" alpha3="nzl" name="紐西蘭"/>
    <country id="558" alpha2="ni" alpha3="nic" name="尼加拉瓜"/>
    <country id="562" alpha2="ne" alpha3="ner" name="尼日"/>
    <country id="566" alpha2="ng" alpha3="nga" name="奈及利亞"/>
    <country id="807" alpha2="mk" alpha3="mkd" name="北馬其頓"/>
    <country id="578" alpha2="no" alpha3="nor" name="挪威"/>
    <country id="512" alpha2="om" alpha3="omn" name="阿曼"/>
    <country id="586" alpha2="pk" alpha3="pak" name="巴基斯坦"/>
    <country id="585" alpha2="pw" alpha3="plw" name="帛琉"/>
    <country id="591" alpha2="pa" alpha3="pan" name="巴拿馬"/>
    <country id="598" alpha2="pg" alpha3="png" name="巴布亞紐幾內亞"/>
    <country id="600" alpha2="py" alpha3="pry" name="巴拉圭"/>
    <country id="604" alpha2="pe" alpha3="per" name="秘魯"/>
    <country id="608" alpha2="ph" alpha3="phl" name="菲律賓"/>
    <country id="616" alpha2="pl" alpha3="pol" name="波蘭"/>
    <country id="620" alpha2="pt" alpha3="prt" name="葡萄牙"/>
    <country id="634" alpha2="qa" alpha3="qat" name="卡達"/>
    <country id="642" alpha2="ro" alpha3="rou" name="羅馬尼亞"/>
    <country id="643" alpha2="ru" alpha3="rus" name="俄羅斯"/>
    <country id="646" alpha2="rw" alpha3="rwa" name="盧安達"/>
    <country id="659" alpha2="kn" alpha3="kna" name="聖克里斯多福及尼維斯"/>
    <country id="662" alpha2="lc" alpha3="lca" name="聖露西亞"/>
    <country id="670" alpha2="vc" alpha3="vct" name="聖文森及格瑞那丁"/>
    <country id="882" alpha2="ws" alpha3="wsm" name="薩摩亞"/>
    <country id="674" alpha2="sm" alpha3="smr" name="聖馬利諾"/>
    <country id="678" alpha2="st" alpha3="stp" name="聖多美普林西比"/>
    <country id="682" alpha2="sa" alpha3="sau" name="沙烏地阿拉伯"/>
    <country id="686" alpha2="sn" alpha3="sen" name="塞內加爾"/>
    <country id="688" alpha2="rs" alpha3="srb" name="塞爾維亞"/>
    <country id="690" alpha2="sc" alpha3="syc" name="塞席爾"/>
    <country id="694" alpha2="sl" alpha3="sle" name="獅子山"/>
    <country id="702" alpha2="sg" alpha3="sgp" name="新加坡"/>
    <country id="703" alpha2="sk" alpha3="svk" name="斯洛伐克"/>
    <country id="705" alpha2="si" alpha3="svn" name="斯洛維尼亞"/>
    <country id="90" alpha2="sb" alpha3="slb" name="索羅門群島"/>
    <country id="706" alpha2="so" alpha3="som" name="索馬利亞"/>
    <country id="710" alpha2="za" alpha3="zaf" name="南非"/>
    <country id="728" alpha2="ss" alpha3="ssd" name="南蘇丹"/>
    <country id="724" alpha2="es" alpha3="esp" name="西班牙"/>
    <country id="144" alpha2="lk" alpha3="lka" name="斯里蘭卡"/>
    <country id="729" alpha2="sd" alpha3="sdn" name="蘇丹"/>
    <country id="740" alpha2="sr" alpha3="sur" name="蘇利南"/>
    <country id="752" alpha2="se" alpha3="swe" name="瑞典"/>
    <country id="756" alpha2="ch" alpha3="che" name="瑞士"/>
    <country id="760" alpha2="sy" alpha3="syr" name="敘利亞"/>
    <country id="762" alpha2="tj" alpha3="tjk" name="塔吉克"/>
    <country id="834" alpha2="tz" alpha3="tza" name="坦尚尼亞"/>
    <country id="764" alpha2="th" alpha3="tha" name="泰國"/>
    <country id="626" alpha2="tl" alpha3="tls" name="東帝汶"/>
    <country id="768" alpha2="tg" alpha3="tgo" name="多哥"/>
    <country id="776" alpha2="to" alpha3="ton" name="東加"/>
    <country id="780" alpha2="tt" alpha3="tto" name="千里達及托巴哥"/>
    <country id="788" alpha2="tn" alpha3="tun" name="突尼西亞"/>
    <country id="792" alpha2="tr" alpha3="tur" name="土耳其"/>
    <country id="795" alpha2="tm" alpha3="tkm" name="土庫曼"/>
    <country id="798" alpha2="tv" alpha3="tuv" name="吐瓦魯"/>
    <country id="800" alpha2="ug" alpha3="uga" name="烏干達"/>
    <country id="804" alpha2="ua" alpha3="ukr" name="烏克蘭"/>
    <country id="784" alpha2="ae" alpha3="are" name="阿聯"/>
    <country id="826" alpha2="gb" alpha3="gbr" name="英國"/>
    <country id="840" alpha2="us" alpha3="usa" name="美國"/>
    <country id="858" alpha2="uy" alpha3="ury" name="烏拉圭"/>
    <country id="860" alpha2="uz" alpha3="uzb" name="烏茲別克"/>
    <country id="548" alpha2="vu" alpha3="vut" name="萬那杜"/>
    <country id="862" alpha2="ve" alpha3="ven" name="委內瑞拉"/>
    <country id="704" alpha2="vn" alpha3="vnm" name="越南"/>
    <country id="887" alpha2="ye" alpha3="yem" name="葉門"/>
    <country id="894" alpha2="zm" alpha3="zmb" name="尚比亞"/>
    <country id="716" alpha2="zw" alpha3="zwe" name="辛巴威"/>
</countries>
