[{"id":4,"alpha2":"af","alpha3":"afg","name":"阿富汗"},
{"id":248,"alpha2":"ax","alpha3":"ala","name":"奧蘭"},
{"id":8,"alpha2":"al","alpha3":"alb","name":"阿爾巴尼亞"},
{"id":12,"alpha2":"dz","alpha3":"dza","name":"阿爾及利亞"},
{"id":16,"alpha2":"as","alpha3":"asm","name":"美屬薩摩亞"},
{"id":20,"alpha2":"ad","alpha3":"and","name":"安道爾"},
{"id":24,"alpha2":"ao","alpha3":"ago","name":"安哥拉"},
{"id":660,"alpha2":"ai","alpha3":"aia","name":"安圭拉"},
{"id":10,"alpha2":"aq","alpha3":"ata","name":"南極洲"},
{"id":28,"alpha2":"ag","alpha3":"atg","name":"安地卡及巴布達"},
{"id":32,"alpha2":"ar","alpha3":"arg","name":"阿根廷"},
{"id":51,"alpha2":"am","alpha3":"arm","name":"亞美尼亞"},
{"id":533,"alpha2":"aw","alpha3":"abw","name":"阿魯巴"},
{"id":36,"alpha2":"au","alpha3":"aus","name":"澳洲"},
{"id":40,"alpha2":"at","alpha3":"aut","name":"奧地利"},
{"id":31,"alpha2":"az","alpha3":"aze","name":"亞塞拜然"},
{"id":44,"alpha2":"bs","alpha3":"bhs","name":"巴哈馬"},
{"id":48,"alpha2":"bh","alpha3":"bhr","name":"巴林"},
{"id":50,"alpha2":"bd","alpha3":"bgd","name":"孟加拉"},
{"id":52,"alpha2":"bb","alpha3":"brb","name":"巴貝多"},
{"id":112,"alpha2":"by","alpha3":"blr","name":"白俄羅斯"},
{"id":56,"alpha2":"be","alpha3":"bel","name":"比利時"},
{"id":84,"alpha2":"bz","alpha3":"blz","name":"貝里斯"},
{"id":204,"alpha2":"bj","alpha3":"ben","name":"貝南"},
{"id":60,"alpha2":"bm","alpha3":"bmu","name":"百慕達"},
{"id":64,"alpha2":"bt","alpha3":"btn","name":"不丹"},
{"id":68,"alpha2":"bo","alpha3":"bol","name":"玻利維亞"},
{"id":535,"alpha2":"bq","alpha3":"bes","name":"荷蘭加勒比區"},
{"id":70,"alpha2":"ba","alpha3":"bih","name":"波士尼亞與赫塞哥維納"},
{"id":72,"alpha2":"bw","alpha3":"bwa","name":"波札那"},
{"id":74,"alpha2":"bv","alpha3":"bvt","name":"布韋島"},
{"id":76,"alpha2":"br","alpha3":"bra","name":"巴西"},
{"id":86,"alpha2":"io","alpha3":"iot","name":"英屬印度洋領地"},
{"id":96,"alpha2":"bn","alpha3":"brn","name":"汶萊"},
{"id":100,"alpha2":"bg","alpha3":"bgr","name":"保加利亞"},
{"id":854,"alpha2":"bf","alpha3":"bfa","name":"布吉納法索"},
{"id":108,"alpha2":"bi","alpha3":"bdi","name":"蒲隆地"},
{"id":132,"alpha2":"cv","alpha3":"cpv","name":"維德角"},
{"id":116,"alpha2":"kh","alpha3":"khm","name":"柬埔寨"},
{"id":120,"alpha2":"cm","alpha3":"cmr","name":"喀麥隆"},
{"id":124,"alpha2":"ca","alpha3":"can","name":"加拿大"},
{"id":136,"alpha2":"ky","alpha3":"cym","name":"開曼群島"},
{"id":140,"alpha2":"cf","alpha3":"caf","name":"中非"},
{"id":148,"alpha2":"td","alpha3":"tcd","name":"查德"},
{"id":152,"alpha2":"cl","alpha3":"chl","name":"智利"},
{"id":156,"alpha2":"cn","alpha3":"chn","name":"中國"},
{"id":162,"alpha2":"cx","alpha3":"cxr","name":"聖誕島"},
{"id":166,"alpha2":"cc","alpha3":"cck","name":"科科斯（基林）群島"},
{"id":170,"alpha2":"co","alpha3":"col","name":"哥倫比亞"},
{"id":174,"alpha2":"km","alpha3":"com","name":"葛摩"},
{"id":178,"alpha2":"cg","alpha3":"cog","name":"剛果共和國"},
{"id":180,"alpha2":"cd","alpha3":"cod","name":"剛果民主共和國"},
{"id":184,"alpha2":"ck","alpha3":"cok","name":"庫克群島"},
{"id":188,"alpha2":"cr","alpha3":"cri","name":"哥斯大黎加"},
{"id":384,"alpha2":"ci","alpha3":"civ","name":"象牙海岸"},
{"id":191,"alpha2":"hr","alpha3":"hrv","name":"克羅埃西亞"},
{"id":192,"alpha2":"cu","alpha3":"cub","name":"古巴"},
{"id":531,"alpha2":"cw","alpha3":"cuw","name":"古拉索"},
{"id":196,"alpha2":"cy","alpha3":"cyp","name":"賽普勒斯"},
{"id":203,"alpha2":"cz","alpha3":"cze","name":"捷克"},
{"id":208,"alpha2":"dk","alpha3":"dnk","name":"丹麥"},
{"id":262,"alpha2":"dj","alpha3":"dji","name":"吉布地"},
{"id":212,"alpha2":"dm","alpha3":"dma","name":"多米尼克"},
{"id":214,"alpha2":"do","alpha3":"dom","name":"多明尼加"},
{"id":218,"alpha2":"ec","alpha3":"ecu","name":"厄瓜多"},
{"id":818,"alpha2":"eg","alpha3":"egy","name":"埃及"},
{"id":222,"alpha2":"sv","alpha3":"slv","name":"薩爾瓦多"},
{"id":226,"alpha2":"gq","alpha3":"gnq","name":"赤道幾內亞"},
{"id":232,"alpha2":"er","alpha3":"eri","name":"厄利垂亞"},
{"id":233,"alpha2":"ee","alpha3":"est","name":"愛沙尼亞"},
{"id":748,"alpha2":"sz","alpha3":"swz","name":"史瓦帝尼"},
{"id":231,"alpha2":"et","alpha3":"eth","name":"衣索比亞"},
{"id":238,"alpha2":"fk","alpha3":"flk","name":"福克蘭群島"},
{"id":234,"alpha2":"fo","alpha3":"fro","name":"法羅群島"},
{"id":242,"alpha2":"fj","alpha3":"fji","name":"斐濟"},
{"id":246,"alpha2":"fi","alpha3":"fin","name":"芬蘭"},
{"id":250,"alpha2":"fr","alpha3":"fra","name":"法國"},
{"id":254,"alpha2":"gf","alpha3":"guf","name":"法屬圭亞那"},
{"id":258,"alpha2":"pf","alpha3":"pyf","name":"法屬玻里尼西亞"},
{"id":260,"alpha2":"tf","alpha3":"atf","name":"法屬南部和南極領地"},
{"id":266,"alpha2":"ga","alpha3":"gab","name":"加彭"},
{"id":270,"alpha2":"gm","alpha3":"gmb","name":"甘比亞"},
{"id":268,"alpha2":"ge","alpha3":"geo","name":"喬治亞"},
{"id":276,"alpha2":"de","alpha3":"deu","name":"德國"},
{"id":288,"alpha2":"gh","alpha3":"gha","name":"迦納"},
{"id":292,"alpha2":"gi","alpha3":"gib","name":"直布羅陀"},
{"id":300,"alpha2":"gr","alpha3":"grc","name":"希臘"},
{"id":304,"alpha2":"gl","alpha3":"grl","name":"格陵蘭"},
{"id":308,"alpha2":"gd","alpha3":"grd","name":"格瑞那達"},
{"id":312,"alpha2":"gp","alpha3":"glp","name":"瓜地洛普"},
{"id":316,"alpha2":"gu","alpha3":"gum","name":"關島"},
{"id":320,"alpha2":"gt","alpha3":"gtm","name":"瓜地馬拉"},
{"id":831,"alpha2":"gg","alpha3":"ggy","name":"根西"},
{"id":324,"alpha2":"gn","alpha3":"gin","name":"幾內亞"},
{"id":624,"alpha2":"gw","alpha3":"gnb","name":"幾內亞比索"},
{"id":328,"alpha2":"gy","alpha3":"guy","name":"蓋亞那"},
{"id":332,"alpha2":"ht","alpha3":"hti","name":"海地"},
{"id":334,"alpha2":"hm","alpha3":"hmd","name":"赫德島和麥克唐納群島"},
{"id":336,"alpha2":"va","alpha3":"vat","name":"梵蒂岡"},
{"id":340,"alpha2":"hn","alpha3":"hnd","name":"宏都拉斯"},
{"id":344,"alpha2":"hk","alpha3":"hkg","name":"香港"},
{"id":348,"alpha2":"hu","alpha3":"hun","name":"匈牙利"},
{"id":352,"alpha2":"is","alpha3":"isl","name":"冰島"},
{"id":356,"alpha2":"in","alpha3":"ind","name":"印度"},
{"id":360,"alpha2":"id","alpha3":"idn","name":"印度尼西亞"},
{"id":364,"alpha2":"ir","alpha3":"irn","name":"伊朗"},
{"id":368,"alpha2":"iq","alpha3":"irq","name":"伊拉克"},
{"id":372,"alpha2":"ie","alpha3":"irl","name":"愛爾蘭"},
{"id":833,"alpha2":"im","alpha3":"imn","name":"曼島"},
{"id":376,"alpha2":"il","alpha3":"isr","name":"以色列"},
{"id":380,"alpha2":"it","alpha3":"ita","name":"義大利"},
{"id":388,"alpha2":"jm","alpha3":"jam","name":"牙買加"},
{"id":392,"alpha2":"jp","alpha3":"jpn","name":"日本"},
{"id":832,"alpha2":"je","alpha3":"jey","name":"澤西"},
{"id":400,"alpha2":"jo","alpha3":"jor","name":"約旦"},
{"id":398,"alpha2":"kz","alpha3":"kaz","name":"哈薩克"},
{"id":404,"alpha2":"ke","alpha3":"ken","name":"肯亞"},
{"id":296,"alpha2":"ki","alpha3":"kir","name":"吉里巴斯"},
{"id":408,"alpha2":"kp","alpha3":"prk","name":"北韓"},
{"id":410,"alpha2":"kr","alpha3":"kor","name":"南韓"},
{"id":414,"alpha2":"kw","alpha3":"kwt","name":"科威特"},
{"id":417,"alpha2":"kg","alpha3":"kgz","name":"吉爾吉斯"},
{"id":418,"alpha2":"la","alpha3":"lao","name":"寮國"},
{"id":428,"alpha2":"lv","alpha3":"lva","name":"拉脫維亞"},
{"id":422,"alpha2":"lb","alpha3":"lbn","name":"黎巴嫩"},
{"id":426,"alpha2":"ls","alpha3":"lso","name":"賴索托"},
{"id":430,"alpha2":"lr","alpha3":"lbr","name":"賴比瑞亞"},
{"id":434,"alpha2":"ly","alpha3":"lby","name":"利比亞"},
{"id":438,"alpha2":"li","alpha3":"lie","name":"列支敦斯登"},
{"id":440,"alpha2":"lt","alpha3":"ltu","name":"立陶宛"},
{"id":442,"alpha2":"lu","alpha3":"lux","name":"盧森堡"},
{"id":446,"alpha2":"mo","alpha3":"mac","name":"澳門"},
{"id":450,"alpha2":"mg","alpha3":"mdg","name":"馬達加斯加"},
{"id":454,"alpha2":"mw","alpha3":"mwi","name":"馬拉威"},
{"id":458,"alpha2":"my","alpha3":"mys","name":"馬來西亞"},
{"id":462,"alpha2":"mv","alpha3":"mdv","name":"馬爾地夫"},
{"id":466,"alpha2":"ml","alpha3":"mli","name":"馬利"},
{"id":470,"alpha2":"mt","alpha3":"mlt","name":"馬爾他"},
{"id":584,"alpha2":"mh","alpha3":"mhl","name":"馬紹爾群島"},
{"id":474,"alpha2":"mq","alpha3":"mtq","name":"馬丁尼克"},
{"id":478,"alpha2":"mr","alpha3":"mrt","name":"茅利塔尼亞"},
{"id":480,"alpha2":"mu","alpha3":"mus","name":"模里西斯"},
{"id":175,"alpha2":"yt","alpha3":"myt","name":"馬約特"},
{"id":484,"alpha2":"mx","alpha3":"mex","name":"墨西哥"},
{"id":583,"alpha2":"fm","alpha3":"fsm","name":"密克羅尼西亞聯邦"},
{"id":498,"alpha2":"md","alpha3":"mda","name":"摩爾多瓦"},
{"id":492,"alpha2":"mc","alpha3":"mco","name":"摩納哥"},
{"id":496,"alpha2":"mn","alpha3":"mng","name":"蒙古"},
{"id":499,"alpha2":"me","alpha3":"mne","name":"蒙特內哥羅"},
{"id":500,"alpha2":"ms","alpha3":"msr","name":"蒙特塞拉特"},
{"id":504,"alpha2":"ma","alpha3":"mar","name":"摩洛哥"},
{"id":508,"alpha2":"mz","alpha3":"moz","name":"莫三比克"},
{"id":104,"alpha2":"mm","alpha3":"mmr","name":"緬甸"},
{"id":516,"alpha2":"na","alpha3":"nam","name":"納米比亞"},
{"id":520,"alpha2":"nr","alpha3":"nru","name":"諾魯"},
{"id":524,"alpha2":"np","alpha3":"npl","name":"尼泊爾"},
{"id":528,"alpha2":"nl","alpha3":"nld","name":"荷蘭"},
{"id":540,"alpha2":"nc","alpha3":"ncl","name":"新喀里多尼亞"},
{"id":554,"alpha2":"nz","alpha3":"nzl","name":"紐西蘭"},
{"id":558,"alpha2":"ni","alpha3":"nic","name":"尼加拉瓜"},
{"id":562,"alpha2":"ne","alpha3":"ner","name":"尼日"},
{"id":566,"alpha2":"ng","alpha3":"nga","name":"奈及利亞"},
{"id":570,"alpha2":"nu","alpha3":"niu","name":"紐埃"},
{"id":574,"alpha2":"nf","alpha3":"nfk","name":"諾福克島"},
{"id":807,"alpha2":"mk","alpha3":"mkd","name":"北馬其頓"},
{"id":580,"alpha2":"mp","alpha3":"mnp","name":"北馬利安納群島"},
{"id":578,"alpha2":"no","alpha3":"nor","name":"挪威"},
{"id":512,"alpha2":"om","alpha3":"omn","name":"阿曼"},
{"id":586,"alpha2":"pk","alpha3":"pak","name":"巴基斯坦"},
{"id":585,"alpha2":"pw","alpha3":"plw","name":"帛琉"},
{"id":275,"alpha2":"ps","alpha3":"pse","name":"巴勒斯坦"},
{"id":591,"alpha2":"pa","alpha3":"pan","name":"巴拿馬"},
{"id":598,"alpha2":"pg","alpha3":"png","name":"巴布亞紐幾內亞"},
{"id":600,"alpha2":"py","alpha3":"pry","name":"巴拉圭"},
{"id":604,"alpha2":"pe","alpha3":"per","name":"秘魯"},
{"id":608,"alpha2":"ph","alpha3":"phl","name":"菲律賓"},
{"id":612,"alpha2":"pn","alpha3":"pcn","name":"皮特凱恩群島"},
{"id":616,"alpha2":"pl","alpha3":"pol","name":"波蘭"},
{"id":620,"alpha2":"pt","alpha3":"prt","name":"葡萄牙"},
{"id":630,"alpha2":"pr","alpha3":"pri","name":"波多黎各"},
{"id":634,"alpha2":"qa","alpha3":"qat","name":"卡達"},
{"id":638,"alpha2":"re","alpha3":"reu","name":"留尼旺"},
{"id":642,"alpha2":"ro","alpha3":"rou","name":"羅馬尼亞"},
{"id":643,"alpha2":"ru","alpha3":"rus","name":"俄羅斯"},
{"id":646,"alpha2":"rw","alpha3":"rwa","name":"盧安達"},
{"id":652,"alpha2":"bl","alpha3":"blm","name":"聖巴瑟米"},
{"id":654,"alpha2":"sh","alpha3":"shn","name":"聖赫倫那、阿森松和特里斯坦-達庫尼亞"},
{"id":659,"alpha2":"kn","alpha3":"kna","name":"聖克里斯多福及尼維斯"},
{"id":662,"alpha2":"lc","alpha3":"lca","name":"聖露西亞"},
{"id":663,"alpha2":"mf","alpha3":"maf","name":"法屬聖馬丁"},
{"id":666,"alpha2":"pm","alpha3":"spm","name":"聖皮埃與密克隆群島"},
{"id":670,"alpha2":"vc","alpha3":"vct","name":"聖文森及格瑞那丁"},
{"id":882,"alpha2":"ws","alpha3":"wsm","name":"薩摩亞"},
{"id":674,"alpha2":"sm","alpha3":"smr","name":"聖馬利諾"},
{"id":678,"alpha2":"st","alpha3":"stp","name":"聖多美普林西比"},
{"id":682,"alpha2":"sa","alpha3":"sau","name":"沙烏地阿拉伯"},
{"id":686,"alpha2":"sn","alpha3":"sen","name":"塞內加爾"},
{"id":688,"alpha2":"rs","alpha3":"srb","name":"塞爾維亞"},
{"id":690,"alpha2":"sc","alpha3":"syc","name":"塞席爾"},
{"id":694,"alpha2":"sl","alpha3":"sle","name":"獅子山"},
{"id":702,"alpha2":"sg","alpha3":"sgp","name":"新加坡"},
{"id":534,"alpha2":"sx","alpha3":"sxm","name":"荷屬聖馬丁"},
{"id":703,"alpha2":"sk","alpha3":"svk","name":"斯洛伐克"},
{"id":705,"alpha2":"si","alpha3":"svn","name":"斯洛維尼亞"},
{"id":90,"alpha2":"sb","alpha3":"slb","name":"索羅門群島"},
{"id":706,"alpha2":"so","alpha3":"som","name":"索馬利亞"},
{"id":710,"alpha2":"za","alpha3":"zaf","name":"南非"},
{"id":239,"alpha2":"gs","alpha3":"sgs","name":"南喬治亞和南桑威奇群島"},
{"id":728,"alpha2":"ss","alpha3":"ssd","name":"南蘇丹"},
{"id":724,"alpha2":"es","alpha3":"esp","name":"西班牙"},
{"id":144,"alpha2":"lk","alpha3":"lka","name":"斯里蘭卡"},
{"id":729,"alpha2":"sd","alpha3":"sdn","name":"蘇丹"},
{"id":740,"alpha2":"sr","alpha3":"sur","name":"蘇利南"},
{"id":744,"alpha2":"sj","alpha3":"sjm","name":"斯瓦爾巴和揚馬延"},
{"id":752,"alpha2":"se","alpha3":"swe","name":"瑞典"},
{"id":756,"alpha2":"ch","alpha3":"che","name":"瑞士"},
{"id":760,"alpha2":"sy","alpha3":"syr","name":"敘利亞"},
{"id":158,"alpha2":"tw","alpha3":"twn","name":"台灣"},
{"id":762,"alpha2":"tj","alpha3":"tjk","name":"塔吉克"},
{"id":834,"alpha2":"tz","alpha3":"tza","name":"坦尚尼亞"},
{"id":764,"alpha2":"th","alpha3":"tha","name":"泰國"},
{"id":626,"alpha2":"tl","alpha3":"tls","name":"東帝汶"},
{"id":768,"alpha2":"tg","alpha3":"tgo","name":"多哥"},
{"id":772,"alpha2":"tk","alpha3":"tkl","name":"托克勞"},
{"id":776,"alpha2":"to","alpha3":"ton","name":"東加"},
{"id":780,"alpha2":"tt","alpha3":"tto","name":"千里達及托巴哥"},
{"id":788,"alpha2":"tn","alpha3":"tun","name":"突尼西亞"},
{"id":792,"alpha2":"tr","alpha3":"tur","name":"土耳其"},
{"id":795,"alpha2":"tm","alpha3":"tkm","name":"土庫曼"},
{"id":796,"alpha2":"tc","alpha3":"tca","name":"特克斯與凱科斯群島"},
{"id":798,"alpha2":"tv","alpha3":"tuv","name":"吐瓦魯"},
{"id":800,"alpha2":"ug","alpha3":"uga","name":"烏干達"},
{"id":804,"alpha2":"ua","alpha3":"ukr","name":"烏克蘭"},
{"id":784,"alpha2":"ae","alpha3":"are","name":"阿聯"},
{"id":826,"alpha2":"gb","alpha3":"gbr","name":"英國"},
{"id":840,"alpha2":"us","alpha3":"usa","name":"美國"},
{"id":581,"alpha2":"um","alpha3":"umi","name":"美國本土外小島嶼"},
{"id":858,"alpha2":"uy","alpha3":"ury","name":"烏拉圭"},
{"id":860,"alpha2":"uz","alpha3":"uzb","name":"烏茲別克"},
{"id":548,"alpha2":"vu","alpha3":"vut","name":"萬那杜"},
{"id":862,"alpha2":"ve","alpha3":"ven","name":"委內瑞拉"},
{"id":704,"alpha2":"vn","alpha3":"vnm","name":"越南"},
{"id":92,"alpha2":"vg","alpha3":"vgb","name":"英屬維京群島"},
{"id":850,"alpha2":"vi","alpha3":"vir","name":"美屬維京群島"},
{"id":876,"alpha2":"wf","alpha3":"wlf","name":"瓦利斯和富圖那"},
{"id":732,"alpha2":"eh","alpha3":"esh","name":"西撒哈拉"},
{"id":887,"alpha2":"ye","alpha3":"yem","name":"葉門"},
{"id":894,"alpha2":"zm","alpha3":"zmb","name":"尚比亞"},
{"id":716,"alpha2":"zw","alpha3":"zwe","name":"辛巴威"}]