[{"id":20,"alpha2":"ad","alpha3":"and","name":"Անդորրա"},
{"id":784,"alpha2":"ae","alpha3":"are","name":"Արաբական Միացյալ Էմիրություններ"},
{"id":4,"alpha2":"af","alpha3":"afg","name":"Աֆղանստան"},
{"id":28,"alpha2":"ag","alpha3":"atg","name":"Անտիգուա և Բարբուդա"},
{"id":660,"alpha2":"ai","alpha3":"aia","name":"Անգիլիա"},
{"id":8,"alpha2":"al","alpha3":"alb","name":"Ալբանիա"},
{"id":51,"alpha2":"am","alpha3":"arm","name":"Հայաստան"},
{"id":24,"alpha2":"ao","alpha3":"ago","name":"Անգոլա"},
{"id":10,"alpha2":"aq","alpha3":"ata","name":"Անտարկտիդա"},
{"id":32,"alpha2":"ar","alpha3":"arg","name":"Արգենտինա"},
{"id":16,"alpha2":"as","alpha3":"asm","name":"Ամերիկյան Սամոա"},
{"id":40,"alpha2":"at","alpha3":"aut","name":"Ավստրիա"},
{"id":36,"alpha2":"au","alpha3":"aus","name":"Ավստրալիա"},
{"id":533,"alpha2":"aw","alpha3":"abw","name":"Արուբա"},
{"id":248,"alpha2":"ax","alpha3":"ala","name":"Ալանդյան կղզիներ"},
{"id":31,"alpha2":"az","alpha3":"aze","name":"Ադրբեջան"},
{"id":70,"alpha2":"ba","alpha3":"bih","name":"Բոսնիա և Հերցեգովինա"},
{"id":52,"alpha2":"bb","alpha3":"brb","name":"Բարբադոս"},
{"id":50,"alpha2":"bd","alpha3":"bgd","name":"Բանգլադեշ"},
{"id":56,"alpha2":"be","alpha3":"bel","name":"Բելգիա"},
{"id":854,"alpha2":"bf","alpha3":"bfa","name":"Բուրկինա Ֆասո"},
{"id":100,"alpha2":"bg","alpha3":"bgr","name":"Բուլղարիա"},
{"id":48,"alpha2":"bh","alpha3":"bhr","name":"Բահրեյն"},
{"id":108,"alpha2":"bi","alpha3":"bdi","name":"Բուրունդի"},
{"id":204,"alpha2":"bj","alpha3":"ben","name":"Բենին"},
{"id":652,"alpha2":"bl","alpha3":"blm","name":"Սուրբ Բարդուղիմեոսի կղզի"},
{"id":60,"alpha2":"bm","alpha3":"bmu","name":"Բերմուդա"},
{"id":96,"alpha2":"bn","alpha3":"brn","name":"Բրունեյ"},
{"id":68,"alpha2":"bo","alpha3":"bol","name":"Բոլիվիա"},
{"id":535,"alpha2":"bq","alpha3":"bes","name":"Կարիբյան Նիդերլանդներ"},
{"id":76,"alpha2":"br","alpha3":"bra","name":"Բրազիլիա"},
{"id":44,"alpha2":"bs","alpha3":"bhs","name":"Բահամներ"},
{"id":64,"alpha2":"bt","alpha3":"btn","name":"Բութան"},
{"id":74,"alpha2":"bv","alpha3":"bvt","name":"Բուվետյան Կղզիներ"},
{"id":72,"alpha2":"bw","alpha3":"bwa","name":"Բոտսվանա"},
{"id":112,"alpha2":"by","alpha3":"blr","name":"Բելառուս"},
{"id":84,"alpha2":"bz","alpha3":"blz","name":"Բելիզ"},
{"id":124,"alpha2":"ca","alpha3":"can","name":"Կանադա"},
{"id":166,"alpha2":"cc","alpha3":"cck","name":"Կոկոսյան Կղզիներ"},
{"id":180,"alpha2":"cd","alpha3":"cod","name":"Կոնգոյի Դեմոկրատական Հանրապետություն"},
{"id":140,"alpha2":"cf","alpha3":"caf","name":"Կենտրոնաաֆրիկյան Հանրապետություն"},
{"id":178,"alpha2":"cg","alpha3":"cog","name":"Կոնգոյի Հանրապետություն"},
{"id":756,"alpha2":"ch","alpha3":"che","name":"Շվեյցարիա"},
{"id":384,"alpha2":"ci","alpha3":"civ","name":"Կոտ դ'Իվուար"},
{"id":184,"alpha2":"ck","alpha3":"cok","name":"Կուկի կղզիներ"},
{"id":152,"alpha2":"cl","alpha3":"chl","name":"Չիլի"},
{"id":120,"alpha2":"cm","alpha3":"cmr","name":"Կամերուն"},
{"id":156,"alpha2":"cn","alpha3":"chn","name":"Չինաստան"},
{"id":170,"alpha2":"co","alpha3":"col","name":"Կոլումբիա"},
{"id":188,"alpha2":"cr","alpha3":"cri","name":"Կոստա Ռիկա"},
{"id":192,"alpha2":"cu","alpha3":"cub","name":"Կուբա"},
{"id":132,"alpha2":"cv","alpha3":"cpv","name":"Կաբո Վերդե"},
{"id":531,"alpha2":"cw","alpha3":"cuw","name":"Կյուրասաո"},
{"id":162,"alpha2":"cx","alpha3":"cxr","name":"Ծննդյան կղզիներ"},
{"id":196,"alpha2":"cy","alpha3":"cyp","name":"Կիպրոս"},
{"id":203,"alpha2":"cz","alpha3":"cze","name":"Չեխիա"},
{"id":276,"alpha2":"de","alpha3":"deu","name":"Գերմանիա"},
{"id":262,"alpha2":"dj","alpha3":"dji","name":"Ջիբութի"},
{"id":208,"alpha2":"dk","alpha3":"dnk","name":"Դանիա"},
{"id":212,"alpha2":"dm","alpha3":"dma","name":"Դոմինիկա"},
{"id":214,"alpha2":"do","alpha3":"dom","name":"Դոմինիկյան Հանրապետություն"},
{"id":12,"alpha2":"dz","alpha3":"dza","name":"Ալժիր"},
{"id":218,"alpha2":"ec","alpha3":"ecu","name":"Էկվադոր"},
{"id":233,"alpha2":"ee","alpha3":"est","name":"Էստոնիա"},
{"id":818,"alpha2":"eg","alpha3":"egy","name":"Եգիպտոս"},
{"id":732,"alpha2":"eh","alpha3":"esh","name":"Սահրավիա"},
{"id":232,"alpha2":"er","alpha3":"eri","name":"Էրիտրեա"},
{"id":724,"alpha2":"es","alpha3":"esp","name":"Իսպանիա"},
{"id":231,"alpha2":"et","alpha3":"eth","name":"Եթովպիա"},
{"id":246,"alpha2":"fi","alpha3":"fin","name":"Ֆինլանդիա"},
{"id":242,"alpha2":"fj","alpha3":"fji","name":"Ֆիջի"},
{"id":238,"alpha2":"fk","alpha3":"flk","name":"Ֆոլքլենդյան կղզիներ"},
{"id":583,"alpha2":"fm","alpha3":"fsm","name":"Միկրոնեզիա"},
{"id":234,"alpha2":"fo","alpha3":"fro","name":"Ֆարերյան կղզիներ"},
{"id":250,"alpha2":"fr","alpha3":"fra","name":"Ֆրանսիա"},
{"id":266,"alpha2":"ga","alpha3":"gab","name":"Գաբոն"},
{"id":826,"alpha2":"gb","alpha3":"gbr","name":"Մեծ Բրիտանիա"},
{"id":308,"alpha2":"gd","alpha3":"grd","name":"Գրենադա"},
{"id":268,"alpha2":"ge","alpha3":"geo","name":"Վրաստան"},
{"id":254,"alpha2":"gf","alpha3":"guf","name":"Ֆրանսիական Գվիանա"},
{"id":831,"alpha2":"gg","alpha3":"ggy","name":"Գերնսի"},
{"id":288,"alpha2":"gh","alpha3":"gha","name":"Գանա"},
{"id":292,"alpha2":"gi","alpha3":"gib","name":"Ջիբրալթար"},
{"id":304,"alpha2":"gl","alpha3":"grl","name":"Գրենլանդիա"},
{"id":270,"alpha2":"gm","alpha3":"gmb","name":"Գամբիա"},
{"id":324,"alpha2":"gn","alpha3":"gin","name":"Գվինեա"},
{"id":312,"alpha2":"gp","alpha3":"glp","name":"Գվադելուպա"},
{"id":226,"alpha2":"gq","alpha3":"gnq","name":"Հասարակածային Գվինեա"},
{"id":300,"alpha2":"gr","alpha3":"grc","name":"Հունաստան"},
{"id":239,"alpha2":"gs","alpha3":"sgs","name":"Հարավային Ջորջիա և Հարավային Սանդվիչյան Կղզիներ"},
{"id":320,"alpha2":"gt","alpha3":"gtm","name":"Գվատեմալա"},
{"id":316,"alpha2":"gu","alpha3":"gum","name":"Գուամ"},
{"id":624,"alpha2":"gw","alpha3":"gnb","name":"Գվինեա-Բիսաու"},
{"id":328,"alpha2":"gy","alpha3":"guy","name":"Գայանա"},
{"id":344,"alpha2":"hk","alpha3":"hkg","name":"Հոնկոնգ"},
{"id":334,"alpha2":"hm","alpha3":"hmd","name":"Մքդոնալդի Կղզիներ"},
{"id":340,"alpha2":"hn","alpha3":"hnd","name":"Հոնդուրաս"},
{"id":191,"alpha2":"hr","alpha3":"hrv","name":"Խորվաթիա"},
{"id":332,"alpha2":"ht","alpha3":"hti","name":"Հայիթի"},
{"id":348,"alpha2":"hu","alpha3":"hun","name":"Հունգարիա"},
{"id":360,"alpha2":"id","alpha3":"idn","name":"Ինդոնեզիա"},
{"id":372,"alpha2":"ie","alpha3":"irl","name":"Իռլանդիա"},
{"id":376,"alpha2":"il","alpha3":"isr","name":"Իսրայել"},
{"id":833,"alpha2":"im","alpha3":"imn","name":"Մեն կղզի"},
{"id":356,"alpha2":"in","alpha3":"ind","name":"Հնդկաստան"},
{"id":86,"alpha2":"io","alpha3":"iot","name":"Բրիտանիայի Հնդկական Օվկիանոսի Տարածք"},
{"id":368,"alpha2":"iq","alpha3":"irq","name":"Իրաք"},
{"id":364,"alpha2":"ir","alpha3":"irn","name":"Իրան"},
{"id":352,"alpha2":"is","alpha3":"isl","name":"Իսլանդիա"},
{"id":380,"alpha2":"it","alpha3":"ita","name":"Իտալիա"},
{"id":832,"alpha2":"je","alpha3":"jey","name":"Ջերսի"},
{"id":388,"alpha2":"jm","alpha3":"jam","name":"Ճամայկա"},
{"id":400,"alpha2":"jo","alpha3":"jor","name":"Հորդանան"},
{"id":392,"alpha2":"jp","alpha3":"jpn","name":"Ճապոնիա"},
{"id":404,"alpha2":"ke","alpha3":"ken","name":"Քենիա"},
{"id":417,"alpha2":"kg","alpha3":"kgz","name":"Ղրղզստան"},
{"id":116,"alpha2":"kh","alpha3":"khm","name":"Կամբոջա"},
{"id":296,"alpha2":"ki","alpha3":"kir","name":"Կիրիբատի"},
{"id":174,"alpha2":"km","alpha3":"com","name":"Կոմորներ"},
{"id":659,"alpha2":"kn","alpha3":"kna","name":"Սենտ Կիտս և Նևիս"},
{"id":408,"alpha2":"kp","alpha3":"prk","name":"Հյուսիսային Կորեա"},
{"id":410,"alpha2":"kr","alpha3":"kor","name":"Հարավային Կորեա"},
{"id":414,"alpha2":"kw","alpha3":"kwt","name":"Քուվեյթ"},
{"id":136,"alpha2":"ky","alpha3":"cym","name":"Կայմանյան կղզիներ"},
{"id":398,"alpha2":"kz","alpha3":"kaz","name":"Ղազախստան"},
{"id":418,"alpha2":"la","alpha3":"lao","name":"Լաոս"},
{"id":422,"alpha2":"lb","alpha3":"lbn","name":"Լիբանան"},
{"id":662,"alpha2":"lc","alpha3":"lca","name":"Սենթ Լյուսիա"},
{"id":438,"alpha2":"li","alpha3":"lie","name":"Լիխտենշտայն"},
{"id":144,"alpha2":"lk","alpha3":"lka","name":"Շրի Լանկա"},
{"id":430,"alpha2":"lr","alpha3":"lbr","name":"Լիբերիա"},
{"id":426,"alpha2":"ls","alpha3":"lso","name":"Լեսոթո"},
{"id":440,"alpha2":"lt","alpha3":"ltu","name":"Լիտվա"},
{"id":442,"alpha2":"lu","alpha3":"lux","name":"Լյուքսեմբուրգ"},
{"id":428,"alpha2":"lv","alpha3":"lva","name":"Լատվիա"},
{"id":434,"alpha2":"ly","alpha3":"lby","name":"Լիբիա"},
{"id":504,"alpha2":"ma","alpha3":"mar","name":"Մարոկկո"},
{"id":492,"alpha2":"mc","alpha3":"mco","name":"Մոնակո"},
{"id":498,"alpha2":"md","alpha3":"mda","name":"Մոլդովա"},
{"id":499,"alpha2":"me","alpha3":"mne","name":"Չեռնոգորիա"},
{"id":663,"alpha2":"mf","alpha3":"maf","name":"Սեն Մարտեն"},
{"id":450,"alpha2":"mg","alpha3":"mdg","name":"Մադագասկար"},
{"id":584,"alpha2":"mh","alpha3":"mhl","name":"Մարշալյան կղզիներ"},
{"id":807,"alpha2":"mk","alpha3":"mkd","name":"Հյուսիսային Մակեդոնիա"},
{"id":466,"alpha2":"ml","alpha3":"mli","name":"Մալի"},
{"id":104,"alpha2":"mm","alpha3":"mmr","name":"Մյանմա"},
{"id":496,"alpha2":"mn","alpha3":"mng","name":"Մոնղոլիա"},
{"id":446,"alpha2":"mo","alpha3":"mac","name":"Մակաու"},
{"id":580,"alpha2":"mp","alpha3":"mnp","name":"Հյուսիսաին Մարիանյան Կղզիներ"},
{"id":474,"alpha2":"mq","alpha3":"mtq","name":"Մարտինիկա"},
{"id":478,"alpha2":"mr","alpha3":"mrt","name":"Մավրիտանիա"},
{"id":500,"alpha2":"ms","alpha3":"msr","name":"Մոնտսեռատ"},
{"id":470,"alpha2":"mt","alpha3":"mlt","name":"Մալթա"},
{"id":480,"alpha2":"mu","alpha3":"mus","name":"Մավրիկիոս"},
{"id":462,"alpha2":"mv","alpha3":"mdv","name":"Մալդիվներ"},
{"id":454,"alpha2":"mw","alpha3":"mwi","name":"Մալավի"},
{"id":484,"alpha2":"mx","alpha3":"mex","name":"Մեքսիկա"},
{"id":458,"alpha2":"my","alpha3":"mys","name":"Մալայզիա"},
{"id":508,"alpha2":"mz","alpha3":"moz","name":"Մոզամբիկ"},
{"id":516,"alpha2":"na","alpha3":"nam","name":"Նամիբիա"},
{"id":540,"alpha2":"nc","alpha3":"ncl","name":"Նոր Կալեդոնիա"},
{"id":562,"alpha2":"ne","alpha3":"ner","name":"Նիգեր"},
{"id":574,"alpha2":"nf","alpha3":"nfk","name":"Նորֆոլք կղզի"},
{"id":566,"alpha2":"ng","alpha3":"nga","name":"Նիգերիա"},
{"id":558,"alpha2":"ni","alpha3":"nic","name":"Նիկարագուա"},
{"id":528,"alpha2":"nl","alpha3":"nld","name":"Նիդերլանդներ"},
{"id":578,"alpha2":"no","alpha3":"nor","name":"Նորվեգիա"},
{"id":524,"alpha2":"np","alpha3":"npl","name":"Նեպալ"},
{"id":520,"alpha2":"nr","alpha3":"nru","name":"Նաուրու"},
{"id":570,"alpha2":"nu","alpha3":"niu","name":"Նիուե"},
{"id":554,"alpha2":"nz","alpha3":"nzl","name":"Նոր Զելանդիա"},
{"id":512,"alpha2":"om","alpha3":"omn","name":"Օման"},
{"id":591,"alpha2":"pa","alpha3":"pan","name":"Պանամա"},
{"id":604,"alpha2":"pe","alpha3":"per","name":"Պերու"},
{"id":258,"alpha2":"pf","alpha3":"pyf","name":"Ֆրանսիական Պոլինեզիա"},
{"id":598,"alpha2":"pg","alpha3":"png","name":"Պապուա Նոր Գվինեա"},
{"id":608,"alpha2":"ph","alpha3":"phl","name":"Ֆիլիպիններ"},
{"id":586,"alpha2":"pk","alpha3":"pak","name":"Պակիստան"},
{"id":616,"alpha2":"pl","alpha3":"pol","name":"Լեհաստան"},
{"id":666,"alpha2":"pm","alpha3":"spm","name":"Սեն Պիեռ և Միքելոն"},
{"id":612,"alpha2":"pn","alpha3":"pcn","name":"Փիթքերն կղզիներ"},
{"id":630,"alpha2":"pr","alpha3":"pri","name":"Պուերտո Ռիկո"},
{"id":275,"alpha2":"ps","alpha3":"pse","name":"Պաղեստինյան ազգային վարչություն"},
{"id":620,"alpha2":"pt","alpha3":"prt","name":"Պորտուգալիա"},
{"id":585,"alpha2":"pw","alpha3":"plw","name":"Պալաու"},
{"id":600,"alpha2":"py","alpha3":"pry","name":"Պարագվայ"},
{"id":634,"alpha2":"qa","alpha3":"qat","name":"Կատար"},
{"id":638,"alpha2":"re","alpha3":"reu","name":"Ռեյունիոն"},
{"id":642,"alpha2":"ro","alpha3":"rou","name":"Ռումինիա"},
{"id":688,"alpha2":"rs","alpha3":"srb","name":"Սերբիա"},
{"id":643,"alpha2":"ru","alpha3":"rus","name":"Ռուսաստան"},
{"id":646,"alpha2":"rw","alpha3":"rwa","name":"Ռուանդա"},
{"id":682,"alpha2":"sa","alpha3":"sau","name":"Սաուդյան Արաբիա"},
{"id":90,"alpha2":"sb","alpha3":"slb","name":"Սողոմոնյան Կղզիներ"},
{"id":690,"alpha2":"sc","alpha3":"syc","name":"Սեյշելներ"},
{"id":729,"alpha2":"sd","alpha3":"sdn","name":"Սուդան"},
{"id":752,"alpha2":"se","alpha3":"swe","name":"Շվեդիա"},
{"id":702,"alpha2":"sg","alpha3":"sgp","name":"Սինգապուր"},
{"id":654,"alpha2":"sh","alpha3":"shn","name":"Սուրբ Հեղինեի կղզի"},
{"id":705,"alpha2":"si","alpha3":"svn","name":"Սլովենիա"},
{"id":744,"alpha2":"sj","alpha3":"sjm","name":"Սվալբարդ (Սվալբարդ և Ժան Մայեն)"},
{"id":703,"alpha2":"sk","alpha3":"svk","name":"Սլովակիա"},
{"id":694,"alpha2":"sl","alpha3":"sle","name":"Սիեռա Լեոնե"},
{"id":674,"alpha2":"sm","alpha3":"smr","name":"Սան Մարինո"},
{"id":686,"alpha2":"sn","alpha3":"sen","name":"Սենեգալ"},
{"id":706,"alpha2":"so","alpha3":"som","name":"Սոմալի"},
{"id":740,"alpha2":"sr","alpha3":"sur","name":"Սուրինամ"},
{"id":728,"alpha2":"ss","alpha3":"ssd","name":"Հարավային Սուդան"},
{"id":678,"alpha2":"st","alpha3":"stp","name":"Սան Տոմե և Պրինսիպի"},
{"id":222,"alpha2":"sv","alpha3":"slv","name":"Սալվադոր"},
{"id":534,"alpha2":"sx","alpha3":"sxm","name":"Սինտ Մաարտեն"},
{"id":760,"alpha2":"sy","alpha3":"syr","name":"Սիրիա"},
{"id":748,"alpha2":"sz","alpha3":"swz","name":"Էսվատինի"},
{"id":796,"alpha2":"tc","alpha3":"tca","name":"Թերքս և Քայքոս կղզիներ"},
{"id":148,"alpha2":"td","alpha3":"tcd","name":"Չադ"},
{"id":260,"alpha2":"tf","alpha3":"atf","name":"Ֆրանսիական Հարավային տարածքներ"},
{"id":768,"alpha2":"tg","alpha3":"tgo","name":"Տոգո"},
{"id":764,"alpha2":"th","alpha3":"tha","name":"Թաիլանդ"},
{"id":762,"alpha2":"tj","alpha3":"tjk","name":"Տաջիկստան"},
{"id":772,"alpha2":"tk","alpha3":"tkl","name":"Տոկելաու"},
{"id":626,"alpha2":"tl","alpha3":"tls","name":"Արևելյան Թիմոր"},
{"id":795,"alpha2":"tm","alpha3":"tkm","name":"Թուրքմենստան"},
{"id":788,"alpha2":"tn","alpha3":"tun","name":"Թունիս"},
{"id":776,"alpha2":"to","alpha3":"ton","name":"Տոնգա"},
{"id":792,"alpha2":"tr","alpha3":"tur","name":"Թուրքիա"},
{"id":780,"alpha2":"tt","alpha3":"tto","name":"Տրինիդադ և Տոբագո"},
{"id":798,"alpha2":"tv","alpha3":"tuv","name":"Տուվալու"},
{"id":158,"alpha2":"tw","alpha3":"twn","name":"Թայվան"},
{"id":834,"alpha2":"tz","alpha3":"tza","name":"Տանզանիա"},
{"id":804,"alpha2":"ua","alpha3":"ukr","name":"Ուկրաինա"},
{"id":800,"alpha2":"ug","alpha3":"uga","name":"Ուգանդա"},
{"id":581,"alpha2":"um","alpha3":"umi","name":"Միացյալ Նահանգների Մինոր Կղզիներ"},
{"id":840,"alpha2":"us","alpha3":"usa","name":"ԱՄՆ"},
{"id":858,"alpha2":"uy","alpha3":"ury","name":"Ուրուգվայ"},
{"id":860,"alpha2":"uz","alpha3":"uzb","name":"Ուզբեկստան"},
{"id":336,"alpha2":"va","alpha3":"vat","name":"Վատիկան"},
{"id":670,"alpha2":"vc","alpha3":"vct","name":"Սենտ Վինսենտ և Գրենադիներ"},
{"id":862,"alpha2":"ve","alpha3":"ven","name":"Վենեսուելա"},
{"id":92,"alpha2":"vg","alpha3":"vgb","name":"Բրիտանական Վիրջինյան կղզիներ"},
{"id":850,"alpha2":"vi","alpha3":"vir","name":"Ամերիկյան Վիրջինյան կղզիներ"},
{"id":704,"alpha2":"vn","alpha3":"vnm","name":"Վիետնամ"},
{"id":548,"alpha2":"vu","alpha3":"vut","name":"Վանուատու"},
{"id":876,"alpha2":"wf","alpha3":"wlf","name":"Ուոլիս և Ֆուտունա"},
{"id":882,"alpha2":"ws","alpha3":"wsm","name":"Սամոա"},
{"id":887,"alpha2":"ye","alpha3":"yem","name":"Եմեն"},
{"id":175,"alpha2":"yt","alpha3":"myt","name":"Մայոտա"},
{"id":710,"alpha2":"za","alpha3":"zaf","name":"Հարավաֆրիկյան Հանրապետություն"},
{"id":894,"alpha2":"zm","alpha3":"zmb","name":"Զամբիա"},
{"id":716,"alpha2":"zw","alpha3":"zwe","name":"Զիմբաբվե"}]