id,alpha2,alpha3,name
4,af,afg,Afghánistán
248,ax,ala,Alandy
8,al,alb,Albánie
12,dz,dza,Alžírsko
16,as,asm,"Americká Samoa"
850,vi,vir,"Americké Panenské ostrovy"
20,ad,and,Andorra
24,ao,ago,Angola
660,ai,aia,Anguilla
10,aq,ata,Antarktida
28,ag,atg,"Antigua a Barbuda"
32,ar,arg,Argentina
51,am,arm,Arménie
533,aw,abw,Aruba
36,au,aus,Austrálie
31,az,aze,Ázerbájdžán
44,bs,bhs,Bahamy
48,bh,bhr,Bahrajn
50,bd,bgd,Bangladéš
52,bb,brb,Barbados
56,be,bel,Belgie
84,bz,blz,Belize
112,by,blr,Bělorusko
204,bj,ben,Benin
60,bm,bmu,Bermudy
64,bt,btn,Bhútán
68,bo,bol,Bolívie
535,bq,bes,"Bonaire, Svatý Eustach a Saba"
70,ba,bih,"Bosna a Hercegovina"
72,bw,bwa,Botswana
74,bv,bvt,"Bouvetův ostrov"
76,br,bra,Brazílie
86,io,iot,"Britské indickooceánské území"
92,vg,vgb,"Britské Panenské ostrovy"
96,bn,brn,Brunej
100,bg,bgr,Bulharsko
854,bf,bfa,"Burkina Faso"
108,bi,bdi,Burundi
184,ck,cok,"Cookovy ostrovy"
531,cw,cuw,Curaçao
148,td,tcd,Čad
499,me,mne,"Černá Hora"
203,cz,cze,Česko
156,cn,chn,Čína
208,dk,dnk,Dánsko
212,dm,dma,Dominika
214,do,dom,"Dominikánská republika"
262,dj,dji,Džibutsko
818,eg,egy,Egypt
218,ec,ecu,Ekvádor
232,er,eri,Eritrea
233,ee,est,Estonsko
231,et,eth,Etiopie
234,fo,fro,"Faerské ostrovy"
238,fk,flk,"Falklandy (Malvíny)"
242,fj,fji,Fidži
608,ph,phl,Filipíny
246,fi,fin,Finsko
250,fr,fra,Francie
254,gf,guf,"Francouzská Guyana"
260,tf,atf,"Francouzská jižní a antarktická území"
258,pf,pyf,"Francouzská Polynésie"
266,ga,gab,Gabon
270,gm,gmb,Gambie
288,gh,gha,Ghana
292,gi,gib,Gibraltar
308,gd,grd,Grenada
304,gl,grl,Grónsko
268,ge,geo,Gruzie
312,gp,glp,Guadeloupe
316,gu,gum,Guam
320,gt,gtm,Guatemala
324,gn,gin,Guinea
624,gw,gnb,Guinea-Bissau
831,gg,ggy,Guernsey
328,gy,guy,Guyana
332,ht,hti,Haiti
334,hm,hmd,"Heardův ostrov a McDonaldovy ostrovy"
340,hn,hnd,Honduras
344,hk,hkg,Hongkong
152,cl,chl,Chile
191,hr,hrv,Chorvatsko
356,in,ind,Indie
360,id,idn,Indonésie
368,iq,irq,Irák
364,ir,irn,Írán
372,ie,irl,Irsko
352,is,isl,Island
380,it,ita,Itálie
376,il,isr,Izrael
388,jm,jam,Jamajka
392,jp,jpn,Japonsko
887,ye,yem,Jemen
832,je,jey,Jersey
710,za,zaf,"Jihoafrická republika"
239,gs,sgs,"Jižní Georgie a Jižní Sandwichovy ostrovy"
410,kr,kor,"Jižní Korea"
728,ss,ssd,"Jižní Súdán"
400,jo,jor,Jordánsko
136,ky,cym,"Kajmanské ostrovy"
116,kh,khm,Kambodža
120,cm,cmr,Kamerun
124,ca,can,Kanada
132,cv,cpv,Kapverdy
634,qa,qat,Katar
398,kz,kaz,Kazachstán
404,ke,ken,Keňa
296,ki,kir,Kiribati
166,cc,cck,"Kokosové ostrovy"
170,co,col,Kolumbie
174,km,com,Komory
178,cg,cog,Kongo
180,cd,cod,"Konžská demokratická republika"
188,cr,cri,Kostarika
192,cu,cub,Kuba
414,kw,kwt,Kuvajt
196,cy,cyp,Kypr
417,kg,kgz,Kyrgyzstán
418,la,lao,Laos
426,ls,lso,Lesotho
422,lb,lbn,Libanon
430,lr,lbr,Libérie
434,ly,lby,Libye
438,li,lie,Lichtenštejnsko
440,lt,ltu,Litva
428,lv,lva,Lotyšsko
442,lu,lux,Lucembursko
446,mo,mac,Macao
450,mg,mdg,Madagaskar
348,hu,hun,Maďarsko
458,my,mys,Malajsie
454,mw,mwi,Malawi
462,mv,mdv,Maledivy
466,ml,mli,Mali
470,mt,mlt,Malta
833,im,imn,"Ostrov Man"
504,ma,mar,Maroko
584,mh,mhl,"Marshallovy ostrovy"
474,mq,mtq,Martinik
480,mu,mus,Mauricius
478,mr,mrt,Mauritánie
175,yt,myt,Mayotte
581,um,umi,"Menší odlehlé ostrovy USA"
484,mx,mex,Mexiko
583,fm,fsm,Mikronésie
498,md,mda,Moldavsko
492,mc,mco,Monako
496,mn,mng,Mongolsko
500,ms,msr,Montserrat
508,mz,moz,Mosambik
104,mm,mmr,Myanmar
516,na,nam,Namibie
520,nr,nru,Nauru
276,de,deu,Německo
524,np,npl,Nepál
562,ne,ner,Niger
566,ng,nga,Nigérie
558,ni,nic,Nikaragua
570,nu,niu,Niue
528,nl,nld,Nizozemsko
574,nf,nfk,Norfolk
578,no,nor,Norsko
540,nc,ncl,"Nová Kaledonie"
554,nz,nzl,"Nový Zéland"
512,om,omn,Omán
586,pk,pak,Pákistán
585,pw,plw,Palau
275,ps,pse,"Palestinská autonomie"
591,pa,pan,Panama
598,pg,png,"Papua Nová Guinea"
600,py,pry,Paraguay
604,pe,per,Peru
612,pn,pcn,"Pitcairnovy ostrovy"
384,ci,civ,"Pobřeží slonoviny"
616,pl,pol,Polsko
630,pr,pri,Portoriko
620,pt,prt,Portugalsko
40,at,aut,Rakousko
638,re,reu,Réunion
226,gq,gnq,"Rovníková Guinea"
642,ro,rou,Rumunsko
643,ru,rus,Rusko
646,rw,rwa,Rwanda
300,gr,grc,Řecko
666,pm,spm,"Saint Pierre a Miquelon"
222,sv,slv,Salvador
882,ws,wsm,Samoa
674,sm,smr,"San Marino"
682,sa,sau,"Saúdská Arábie"
686,sn,sen,Senegal
408,kp,prk,"Severní Korea"
807,mk,mkd,"Severní Makedonie"
580,mp,mnp,"Severní Mariany"
690,sc,syc,Seychely
694,sl,sle,"Sierra Leone"
702,sg,sgp,Singapur
703,sk,svk,Slovensko
705,si,svn,Slovinsko
706,so,som,Somálsko
784,ae,are,"Spojené arabské emiráty"
826,gb,gbr,"Spojené království Velké Británie a Severního Irska"
840,us,usa,"Spojené státy americké"
688,rs,srb,Srbsko
144,lk,lka,"Srí Lanka"
140,cf,caf,"Středoafrická republika"
729,sd,sdn,Súdán
740,sr,sur,Surinam
654,sh,shn,"Svatá Helena, Ascension a Tristan da Cunha"
662,lc,lca,"Svatá Lucie"
652,bl,blm,"Svatý Bartoloměj"
659,kn,kna,"Svatý Kryštof a Nevis"
663,mf,maf,"Svatý Martin (francouzská část)"
534,sx,sxm,"Svatý Martin (nizozemská část)"
678,st,stp,"Svatý Tomáš a Princův ostrov"
670,vc,vct,"Svatý Vincenc a Grenadiny"
748,sz,swz,Svazijsko
760,sy,syr,Sýrie
90,sb,slb,"Šalomounovy ostrovy"
724,es,esp,Španělsko
744,sj,sjm,"Špicberky a Jan Mayen"
752,se,swe,Švédsko
756,ch,che,Švýcarsko
762,tj,tjk,Tádžikistán
834,tz,tza,Tanzanie
764,th,tha,Thajsko
158,tw,twn,Tchaj-wan
768,tg,tgo,Togo
772,tk,tkl,Tokelau
776,to,ton,Tonga
780,tt,tto,"Trinidad a Tobago"
788,tn,tun,Tunisko
792,tr,tur,Turecko
795,tm,tkm,Turkmenistán
796,tc,tca,"Turks a Caicos"
798,tv,tuv,Tuvalu
800,ug,uga,Uganda
804,ua,ukr,Ukrajina
858,uy,ury,Uruguay
860,uz,uzb,Uzbekistán
162,cx,cxr,"Vánoční ostrov"
548,vu,vut,Vanuatu
336,va,vat,Vatikán
862,ve,ven,Venezuela
704,vn,vnm,Vietnam
626,tl,tls,"Východní Timor"
876,wf,wlf,"Wallis a Futuna"
894,zm,zmb,Zambie
732,eh,esh,"Západní Sahara"
716,zw,zwe,Zimbabwe
