<?xml version="1.0" encoding="UTF-8"?>
<countries>
    <country id="20" alpha2="ad" alpha3="and" name="Andora"/>
    <country id="784" alpha2="ae" alpha3="are" name="Ujedinjeni Arapski Emirati"/>
    <country id="4" alpha2="af" alpha3="afg" name="Afganistan"/>
    <country id="28" alpha2="ag" alpha3="atg" name="Antigva i Barbuda"/>
    <country id="660" alpha2="ai" alpha3="aia" name="Anguilla"/>
    <country id="8" alpha2="al" alpha3="alb" name="Albanija"/>
    <country id="51" alpha2="am" alpha3="arm" name="Armenija"/>
    <country id="24" alpha2="ao" alpha3="ago" name="Angola"/>
    <country id="10" alpha2="aq" alpha3="ata" name="Antarktika"/>
    <country id="32" alpha2="ar" alpha3="arg" name="Argentina"/>
    <country id="16" alpha2="as" alpha3="asm" name="Američka Samoa"/>
    <country id="40" alpha2="at" alpha3="aut" name="Austrija"/>
    <country id="36" alpha2="au" alpha3="aus" name="Australija"/>
    <country id="533" alpha2="aw" alpha3="abw" name="Aruba"/>
    <country id="248" alpha2="ax" alpha3="ala" name="Ålandski otoci"/>
    <country id="31" alpha2="az" alpha3="aze" name="Azerbajdžan"/>
    <country id="70" alpha2="ba" alpha3="bih" name="Bosna i Hercegovina"/>
    <country id="52" alpha2="bb" alpha3="brb" name="Barbados"/>
    <country id="50" alpha2="bd" alpha3="bgd" name="Bangladeš"/>
    <country id="56" alpha2="be" alpha3="bel" name="Belgija"/>
    <country id="854" alpha2="bf" alpha3="bfa" name="Burkina Faso"/>
    <country id="100" alpha2="bg" alpha3="bgr" name="Bugarska"/>
    <country id="48" alpha2="bh" alpha3="bhr" name="Bahrein"/>
    <country id="108" alpha2="bi" alpha3="bdi" name="Burundi"/>
    <country id="204" alpha2="bj" alpha3="ben" name="Benin"/>
    <country id="652" alpha2="bl" alpha3="blm" name="Sveti Bartolomej"/>
    <country id="60" alpha2="bm" alpha3="bmu" name="Bermudi"/>
    <country id="96" alpha2="bn" alpha3="brn" name="Brunej"/>
    <country id="68" alpha2="bo" alpha3="bol" name="Bolivija"/>
    <country id="535" alpha2="bq" alpha3="bes" name="Bonaire"/>
    <country id="76" alpha2="br" alpha3="bra" name="Brazil"/>
    <country id="44" alpha2="bs" alpha3="bhs" name="Bahami"/>
    <country id="64" alpha2="bt" alpha3="btn" name="Butan"/>
    <country id="74" alpha2="bv" alpha3="bvt" name="Bouvetov otok"/>
    <country id="72" alpha2="bw" alpha3="bwa" name="Bocvana"/>
    <country id="112" alpha2="by" alpha3="blr" name="Bjelorusija"/>
    <country id="84" alpha2="bz" alpha3="blz" name="Belize"/>
    <country id="124" alpha2="ca" alpha3="can" name="Kanada"/>
    <country id="166" alpha2="cc" alpha3="cck" name="Kokosovi (Keeling) otoci"/>
    <country id="180" alpha2="cd" alpha3="cod" name="Demokratska Republika Kongo"/>
    <country id="140" alpha2="cf" alpha3="caf" name="Srednjoafrička Republika"/>
    <country id="178" alpha2="cg" alpha3="cog" name="Kongo"/>
    <country id="756" alpha2="ch" alpha3="che" name="Švicarska"/>
    <country id="384" alpha2="ci" alpha3="civ" name="Obala Bjelokosti"/>
    <country id="184" alpha2="ck" alpha3="cok" name="Kukovi otoci"/>
    <country id="152" alpha2="cl" alpha3="chl" name="Čile"/>
    <country id="120" alpha2="cm" alpha3="cmr" name="Kamerun"/>
    <country id="156" alpha2="cn" alpha3="chn" name="Kina"/>
    <country id="170" alpha2="co" alpha3="col" name="Kolumbija"/>
    <country id="188" alpha2="cr" alpha3="cri" name="Kostarika"/>
    <country id="192" alpha2="cu" alpha3="cub" name="Kuba"/>
    <country id="132" alpha2="cv" alpha3="cpv" name="Zelenortski otoci"/>
    <country id="531" alpha2="cw" alpha3="cuw" name="Curaçao"/>
    <country id="162" alpha2="cx" alpha3="cxr" name="Božićni otok"/>
    <country id="196" alpha2="cy" alpha3="cyp" name="Cipar"/>
    <country id="203" alpha2="cz" alpha3="cze" name="Češka"/>
    <country id="276" alpha2="de" alpha3="deu" name="Njemačka"/>
    <country id="262" alpha2="dj" alpha3="dji" name="Džibuti"/>
    <country id="208" alpha2="dk" alpha3="dnk" name="Danska"/>
    <country id="212" alpha2="dm" alpha3="dma" name="Dominika"/>
    <country id="214" alpha2="do" alpha3="dom" name="Dominikanska republika"/>
    <country id="12" alpha2="dz" alpha3="dza" name="Alžir"/>
    <country id="218" alpha2="ec" alpha3="ecu" name="Ekvador"/>
    <country id="233" alpha2="ee" alpha3="est" name="Estonija"/>
    <country id="818" alpha2="eg" alpha3="egy" name="Egipat"/>
    <country id="732" alpha2="eh" alpha3="esh" name="Zapadna Sahara"/>
    <country id="232" alpha2="er" alpha3="eri" name="Eritreja"/>
    <country id="724" alpha2="es" alpha3="esp" name="Španjolska"/>
    <country id="231" alpha2="et" alpha3="eth" name="Etiopija"/>
    <country id="246" alpha2="fi" alpha3="fin" name="Finska"/>
    <country id="242" alpha2="fj" alpha3="fji" name="Fidži"/>
    <country id="238" alpha2="fk" alpha3="flk" name="Falklandi (Malvini)"/>
    <country id="583" alpha2="fm" alpha3="fsm" name="Mikronezija"/>
    <country id="234" alpha2="fo" alpha3="fro" name="Ferojski (Ovčji) otoci"/>
    <country id="250" alpha2="fr" alpha3="fra" name="Francuska"/>
    <country id="266" alpha2="ga" alpha3="gab" name="Gabon"/>
    <country id="826" alpha2="gb" alpha3="gbr" name="Velika Britanija"/>
    <country id="308" alpha2="gd" alpha3="grd" name="Grenada"/>
    <country id="268" alpha2="ge" alpha3="geo" name="Gruzija"/>
    <country id="254" alpha2="gf" alpha3="guf" name="Francuska Gvajana"/>
    <country id="831" alpha2="gg" alpha3="ggy" name="Guernsey"/>
    <country id="288" alpha2="gh" alpha3="gha" name="Gana"/>
    <country id="292" alpha2="gi" alpha3="gib" name="Gibraltar"/>
    <country id="304" alpha2="gl" alpha3="grl" name="Grenland"/>
    <country id="270" alpha2="gm" alpha3="gmb" name="Gambija"/>
    <country id="324" alpha2="gn" alpha3="gin" name="Gvineja"/>
    <country id="312" alpha2="gp" alpha3="glp" name="Guadeloupe"/>
    <country id="226" alpha2="gq" alpha3="gnq" name="Ekvatorska Gvineja"/>
    <country id="300" alpha2="gr" alpha3="grc" name="Grčka"/>
    <country id="239" alpha2="gs" alpha3="sgs" name="Južna Džordžija i otoci Južni Sendvič"/>
    <country id="320" alpha2="gt" alpha3="gtm" name="Gvatemala"/>
    <country id="316" alpha2="gu" alpha3="gum" name="Guam"/>
    <country id="624" alpha2="gw" alpha3="gnb" name="Gvineja Bisau"/>
    <country id="328" alpha2="gy" alpha3="guy" name="Gvajana"/>
    <country id="344" alpha2="hk" alpha3="hkg" name="Hong Kong"/>
    <country id="334" alpha2="hm" alpha3="hmd" name="Otok Heard i otoci McDonald"/>
    <country id="340" alpha2="hn" alpha3="hnd" name="Honduras"/>
    <country id="191" alpha2="hr" alpha3="hrv" name="Hrvatska"/>
    <country id="332" alpha2="ht" alpha3="hti" name="Haiti"/>
    <country id="348" alpha2="hu" alpha3="hun" name="Mađarska"/>
    <country id="360" alpha2="id" alpha3="idn" name="Indonezija"/>
    <country id="372" alpha2="ie" alpha3="irl" name="Irska"/>
    <country id="376" alpha2="il" alpha3="isr" name="Izrael"/>
    <country id="833" alpha2="im" alpha3="imn" name="Otok Man"/>
    <country id="356" alpha2="in" alpha3="ind" name="Indija"/>
    <country id="86" alpha2="io" alpha3="iot" name="Britanski indijskooceanski teritorij"/>
    <country id="368" alpha2="iq" alpha3="irq" name="Irak"/>
    <country id="364" alpha2="ir" alpha3="irn" name="Iran"/>
    <country id="352" alpha2="is" alpha3="isl" name="Island"/>
    <country id="380" alpha2="it" alpha3="ita" name="Italija"/>
    <country id="832" alpha2="je" alpha3="jey" name="Jersey"/>
    <country id="388" alpha2="jm" alpha3="jam" name="Jamajka"/>
    <country id="400" alpha2="jo" alpha3="jor" name="Jordan"/>
    <country id="392" alpha2="jp" alpha3="jpn" name="Japan"/>
    <country id="404" alpha2="ke" alpha3="ken" name="Kenija"/>
    <country id="417" alpha2="kg" alpha3="kgz" name="Kirgistan"/>
    <country id="116" alpha2="kh" alpha3="khm" name="Kambodža"/>
    <country id="296" alpha2="ki" alpha3="kir" name="Kiribati"/>
    <country id="174" alpha2="km" alpha3="com" name="Komori"/>
    <country id="659" alpha2="kn" alpha3="kna" name="Sveti Kristofor i Nevis"/>
    <country id="408" alpha2="kp" alpha3="prk" name="Sjeverna Korea"/>
    <country id="410" alpha2="kr" alpha3="kor" name="Južna Koreja"/>
    <country id="414" alpha2="kw" alpha3="kwt" name="Kuvajt"/>
    <country id="136" alpha2="ky" alpha3="cym" name="Kajmanski otoci"/>
    <country id="398" alpha2="kz" alpha3="kaz" name="Kazahstan"/>
    <country id="418" alpha2="la" alpha3="lao" name="Laos"/>
    <country id="422" alpha2="lb" alpha3="lbn" name="Libanon"/>
    <country id="662" alpha2="lc" alpha3="lca" name="Sveta Lucija"/>
    <country id="438" alpha2="li" alpha3="lie" name="Lihtenštajn"/>
    <country id="144" alpha2="lk" alpha3="lka" name="Šri Lanka"/>
    <country id="430" alpha2="lr" alpha3="lbr" name="Liberija"/>
    <country id="426" alpha2="ls" alpha3="lso" name="Lesoto"/>
    <country id="440" alpha2="lt" alpha3="ltu" name="Litva"/>
    <country id="442" alpha2="lu" alpha3="lux" name="Luksemburg"/>
    <country id="428" alpha2="lv" alpha3="lva" name="Latvija"/>
    <country id="434" alpha2="ly" alpha3="lby" name="Libija"/>
    <country id="504" alpha2="ma" alpha3="mar" name="Maroko"/>
    <country id="492" alpha2="mc" alpha3="mco" name="Monako"/>
    <country id="498" alpha2="md" alpha3="mda" name="Moldova"/>
    <country id="499" alpha2="me" alpha3="mne" name="Crna Gora"/>
    <country id="663" alpha2="mf" alpha3="maf" name="Sveti Martin (francuski dio)"/>
    <country id="450" alpha2="mg" alpha3="mdg" name="Madagaskar"/>
    <country id="584" alpha2="mh" alpha3="mhl" name="Maršalovi otoci"/>
    <country id="807" alpha2="mk" alpha3="mkd" name="Makedonija"/>
    <country id="466" alpha2="ml" alpha3="mli" name="Mali"/>
    <country id="104" alpha2="mm" alpha3="mmr" name="Mijanmar (Burma)"/>
    <country id="496" alpha2="mn" alpha3="mng" name="Mongolija"/>
    <country id="446" alpha2="mo" alpha3="mac" name="Makao"/>
    <country id="580" alpha2="mp" alpha3="mnp" name="Sjeverni Marijanski Otoci"/>
    <country id="474" alpha2="mq" alpha3="mtq" name="Martinique"/>
    <country id="478" alpha2="mr" alpha3="mrt" name="Mauritanija"/>
    <country id="500" alpha2="ms" alpha3="msr" name="Montserrat"/>
    <country id="470" alpha2="mt" alpha3="mlt" name="Malta"/>
    <country id="480" alpha2="mu" alpha3="mus" name="Mauricijus"/>
    <country id="462" alpha2="mv" alpha3="mdv" name="Maldivi"/>
    <country id="454" alpha2="mw" alpha3="mwi" name="Malavi"/>
    <country id="484" alpha2="mx" alpha3="mex" name="Meksiko"/>
    <country id="458" alpha2="my" alpha3="mys" name="Malezija"/>
    <country id="508" alpha2="mz" alpha3="moz" name="Mozambik"/>
    <country id="516" alpha2="na" alpha3="nam" name="Namibija"/>
    <country id="540" alpha2="nc" alpha3="ncl" name="Nova Kaledonija"/>
    <country id="562" alpha2="ne" alpha3="ner" name="Niger"/>
    <country id="574" alpha2="nf" alpha3="nfk" name="Norfolk Otok"/>
    <country id="566" alpha2="ng" alpha3="nga" name="Nigerija"/>
    <country id="558" alpha2="ni" alpha3="nic" name="Nikaragva"/>
    <country id="528" alpha2="nl" alpha3="nld" name="Nizozemska"/>
    <country id="578" alpha2="no" alpha3="nor" name="Norveška"/>
    <country id="524" alpha2="np" alpha3="npl" name="Nepal"/>
    <country id="520" alpha2="nr" alpha3="nru" name="Nauru"/>
    <country id="570" alpha2="nu" alpha3="niu" name="Niue"/>
    <country id="554" alpha2="nz" alpha3="nzl" name="Novi Zeland"/>
    <country id="512" alpha2="om" alpha3="omn" name="Oman"/>
    <country id="591" alpha2="pa" alpha3="pan" name="Panama"/>
    <country id="604" alpha2="pe" alpha3="per" name="Peru"/>
    <country id="258" alpha2="pf" alpha3="pyf" name="Francuska Polinezija"/>
    <country id="598" alpha2="pg" alpha3="png" name="Papua Nova Gvineja"/>
    <country id="608" alpha2="ph" alpha3="phl" name="Filipini"/>
    <country id="586" alpha2="pk" alpha3="pak" name="Pakistan"/>
    <country id="616" alpha2="pl" alpha3="pol" name="Poljska"/>
    <country id="666" alpha2="pm" alpha3="spm" name="Sveti Petar i Mikelon"/>
    <country id="612" alpha2="pn" alpha3="pcn" name="Pitcairn Otoci"/>
    <country id="630" alpha2="pr" alpha3="pri" name="Portoriko"/>
    <country id="275" alpha2="ps" alpha3="pse" name="Država Palestina"/>
    <country id="620" alpha2="pt" alpha3="prt" name="Portugal"/>
    <country id="585" alpha2="pw" alpha3="plw" name="Palau"/>
    <country id="600" alpha2="py" alpha3="pry" name="Paragvaj"/>
    <country id="634" alpha2="qa" alpha3="qat" name="Katar"/>
    <country id="638" alpha2="re" alpha3="reu" name="Réunion"/>
    <country id="642" alpha2="ro" alpha3="rou" name="Rumunjska"/>
    <country id="688" alpha2="rs" alpha3="srb" name="Srbija"/>
    <country id="643" alpha2="ru" alpha3="rus" name="Rusija"/>
    <country id="646" alpha2="rw" alpha3="rwa" name="Ruanda"/>
    <country id="682" alpha2="sa" alpha3="sau" name="Saudijska Arabija"/>
    <country id="90" alpha2="sb" alpha3="slb" name="Solomonski Otoci"/>
    <country id="690" alpha2="sc" alpha3="syc" name="Sejšeli"/>
    <country id="729" alpha2="sd" alpha3="sdn" name="Sudan"/>
    <country id="752" alpha2="se" alpha3="swe" name="Švedska"/>
    <country id="702" alpha2="sg" alpha3="sgp" name="Singapur"/>
    <country id="654" alpha2="sh" alpha3="shn" name="Sveta Helena"/>
    <country id="705" alpha2="si" alpha3="svn" name="Slovenija"/>
    <country id="744" alpha2="sj" alpha3="sjm" name="Svalbard i Jan Mayen"/>
    <country id="703" alpha2="sk" alpha3="svk" name="Slovačka"/>
    <country id="694" alpha2="sl" alpha3="sle" name="Sijera Leone"/>
    <country id="674" alpha2="sm" alpha3="smr" name="San Marino"/>
    <country id="686" alpha2="sn" alpha3="sen" name="Senegal"/>
    <country id="706" alpha2="so" alpha3="som" name="Somalija"/>
    <country id="740" alpha2="sr" alpha3="sur" name="Surinam"/>
    <country id="728" alpha2="ss" alpha3="ssd" name="Južni Sudan"/>
    <country id="678" alpha2="st" alpha3="stp" name="Sveti Toma i Prinsipe"/>
    <country id="222" alpha2="sv" alpha3="slv" name="Salvador"/>
    <country id="534" alpha2="sx" alpha3="sxm" name="Sint Maarten (nizozemski dio)"/>
    <country id="760" alpha2="sy" alpha3="syr" name="Sirija"/>
    <country id="748" alpha2="sz" alpha3="swz" name="Svazi"/>
    <country id="796" alpha2="tc" alpha3="tca" name="Turks i Kaikos Otoci"/>
    <country id="148" alpha2="td" alpha3="tcd" name="Čad"/>
    <country id="260" alpha2="tf" alpha3="atf" name="Francuski južni teritoriji"/>
    <country id="768" alpha2="tg" alpha3="tgo" name="Togo"/>
    <country id="764" alpha2="th" alpha3="tha" name="Tajland"/>
    <country id="762" alpha2="tj" alpha3="tjk" name="Tadžikistan"/>
    <country id="772" alpha2="tk" alpha3="tkl" name="Tokelau"/>
    <country id="626" alpha2="tl" alpha3="tls" name="Istočni Timor"/>
    <country id="795" alpha2="tm" alpha3="tkm" name="Turkmenistan"/>
    <country id="788" alpha2="tn" alpha3="tun" name="Tunis"/>
    <country id="776" alpha2="to" alpha3="ton" name="Tonga"/>
    <country id="792" alpha2="tr" alpha3="tur" name="Turska"/>
    <country id="780" alpha2="tt" alpha3="tto" name="Trinidad i Tobago"/>
    <country id="798" alpha2="tv" alpha3="tuv" name="Tuvalu"/>
    <country id="158" alpha2="tw" alpha3="twn" name="Tajvan"/>
    <country id="834" alpha2="tz" alpha3="tza" name="Tanzanija"/>
    <country id="804" alpha2="ua" alpha3="ukr" name="Ukrajina"/>
    <country id="800" alpha2="ug" alpha3="uga" name="Uganda"/>
    <country id="581" alpha2="um" alpha3="umi" name="Ujedinjene države manjih pacifičkih otoka SAD"/>
    <country id="840" alpha2="us" alpha3="usa" name="Sjedinjene Američke Države"/>
    <country id="858" alpha2="uy" alpha3="ury" name="Urugvaj"/>
    <country id="860" alpha2="uz" alpha3="uzb" name="Uzbekistan"/>
    <country id="336" alpha2="va" alpha3="vat" name="Vatikan"/>
    <country id="670" alpha2="vc" alpha3="vct" name="Sveti Vincent i Grenadini"/>
    <country id="862" alpha2="ve" alpha3="ven" name="Venezuela"/>
    <country id="92" alpha2="vg" alpha3="vgb" name="Britanski Djevičanski otoci"/>
    <country id="850" alpha2="vi" alpha3="vir" name="Američki Djevičanski otoci"/>
    <country id="704" alpha2="vn" alpha3="vnm" name="Vijetnam"/>
    <country id="548" alpha2="vu" alpha3="vut" name="Vanuatu"/>
    <country id="876" alpha2="wf" alpha3="wlf" name="Wallis i Futuna"/>
    <country id="882" alpha2="ws" alpha3="wsm" name="Zapadna Samoa"/>
    <country id="887" alpha2="ye" alpha3="yem" name="Jemen"/>
    <country id="175" alpha2="yt" alpha3="myt" name="Mayotte"/>
    <country id="710" alpha2="za" alpha3="zaf" name="Južna Afrika"/>
    <country id="894" alpha2="zm" alpha3="zmb" name="Zambija"/>
    <country id="716" alpha2="zw" alpha3="zwe" name="Zimbabve"/>
</countries>
