<?xml version="1.0" encoding="UTF-8"?>
<countries>
    <country id="4" alpha2="af" alpha3="afg" name="Afganistanas"/>
    <country id="8" alpha2="al" alpha3="alb" name="Albanija"/>
    <country id="12" alpha2="dz" alpha3="dza" name="Alžyras"/>
    <country id="20" alpha2="ad" alpha3="and" name="Andora"/>
    <country id="24" alpha2="ao" alpha3="ago" name="Angola"/>
    <country id="28" alpha2="ag" alpha3="atg" name="Antigva ir Barbuda"/>
    <country id="32" alpha2="ar" alpha3="arg" name="Argentina"/>
    <country id="51" alpha2="am" alpha3="arm" name="Armėnija"/>
    <country id="36" alpha2="au" alpha3="aus" name="Australija"/>
    <country id="40" alpha2="at" alpha3="aut" name="Austrija"/>
    <country id="31" alpha2="az" alpha3="aze" name="Azerbaidžanas"/>
    <country id="44" alpha2="bs" alpha3="bhs" name="Bahamos"/>
    <country id="48" alpha2="bh" alpha3="bhr" name="Bahreinas"/>
    <country id="112" alpha2="by" alpha3="blr" name="Baltarusija"/>
    <country id="50" alpha2="bd" alpha3="bgd" name="Bangladešas"/>
    <country id="52" alpha2="bb" alpha3="brb" name="Barbadosas"/>
    <country id="56" alpha2="be" alpha3="bel" name="Belgija"/>
    <country id="84" alpha2="bz" alpha3="blz" name="Belizas"/>
    <country id="204" alpha2="bj" alpha3="ben" name="Beninas"/>
    <country id="64" alpha2="bt" alpha3="btn" name="Butanas"/>
    <country id="68" alpha2="bo" alpha3="bol" name="Bolivija"/>
    <country id="70" alpha2="ba" alpha3="bih" name="Bosnija ir Hercegovina"/>
    <country id="72" alpha2="bw" alpha3="bwa" name="Botsvana"/>
    <country id="76" alpha2="br" alpha3="bra" name="Brazilija"/>
    <country id="96" alpha2="bn" alpha3="brn" name="Brunėjus"/>
    <country id="100" alpha2="bg" alpha3="bgr" name="Bulgarija"/>
    <country id="854" alpha2="bf" alpha3="bfa" name="Burkina Faso"/>
    <country id="108" alpha2="bi" alpha3="bdi" name="Burundis"/>
    <country id="140" alpha2="cf" alpha3="caf" name="Centrinės Afrikos Respublika"/>
    <country id="148" alpha2="td" alpha3="tcd" name="Čadas"/>
    <country id="152" alpha2="cl" alpha3="chl" name="Čilė"/>
    <country id="203" alpha2="cz" alpha3="cze" name="Čekija"/>
    <country id="208" alpha2="dk" alpha3="dnk" name="Danija"/>
    <country id="384" alpha2="ci" alpha3="civ" name="Dramblio Kaulo Krantas"/>
    <country id="212" alpha2="dm" alpha3="dma" name="Dominika"/>
    <country id="214" alpha2="do" alpha3="dom" name="Dominikos Respublika"/>
    <country id="262" alpha2="dj" alpha3="dji" name="Džibutis"/>
    <country id="818" alpha2="eg" alpha3="egy" name="Egiptas"/>
    <country id="218" alpha2="ec" alpha3="ecu" name="Ekvadoras"/>
    <country id="232" alpha2="er" alpha3="eri" name="Eritrėja"/>
    <country id="233" alpha2="ee" alpha3="est" name="Estija"/>
    <country id="231" alpha2="et" alpha3="eth" name="Etiopija"/>
    <country id="242" alpha2="fj" alpha3="fji" name="Fidžis"/>
    <country id="266" alpha2="ga" alpha3="gab" name="Gabonas"/>
    <country id="270" alpha2="gm" alpha3="gmb" name="Gambija"/>
    <country id="288" alpha2="gh" alpha3="gha" name="Gana"/>
    <country id="300" alpha2="gr" alpha3="grc" name="Graikija"/>
    <country id="308" alpha2="gd" alpha3="grd" name="Grenada"/>
    <country id="268" alpha2="ge" alpha3="geo" name="Gruzija"/>
    <country id="320" alpha2="gt" alpha3="gtm" name="Gvatemala"/>
    <country id="324" alpha2="gn" alpha3="gin" name="Gvinėja"/>
    <country id="624" alpha2="gw" alpha3="gnb" name="Bisau Gvinėja"/>
    <country id="328" alpha2="gy" alpha3="guy" name="Gajana"/>
    <country id="332" alpha2="ht" alpha3="hti" name="Haitis"/>
    <country id="340" alpha2="hn" alpha3="hnd" name="Hondūras"/>
    <country id="348" alpha2="hu" alpha3="hun" name="Vengrija"/>
    <country id="352" alpha2="is" alpha3="isl" name="Islandija"/>
    <country id="356" alpha2="in" alpha3="ind" name="Indija"/>
    <country id="360" alpha2="id" alpha3="idn" name="Indonezija"/>
    <country id="364" alpha2="ir" alpha3="irn" name="Iranas"/>
    <country id="368" alpha2="iq" alpha3="irq" name="Irakas"/>
    <country id="372" alpha2="ie" alpha3="irl" name="Airija"/>
    <country id="376" alpha2="il" alpha3="isr" name="Izraelis"/>
    <country id="380" alpha2="it" alpha3="ita" name="Italija"/>
    <country id="388" alpha2="jm" alpha3="jam" name="Jamaika"/>
    <country id="392" alpha2="jp" alpha3="jpn" name="Japonija"/>
    <country id="400" alpha2="jo" alpha3="jor" name="Jordanija"/>
    <country id="116" alpha2="kh" alpha3="khm" name="Kambodža"/>
    <country id="120" alpha2="cm" alpha3="cmr" name="Kamerūnas"/>
    <country id="124" alpha2="ca" alpha3="can" name="Kanada"/>
    <country id="156" alpha2="cn" alpha3="chn" name="Kinija"/>
    <country id="170" alpha2="co" alpha3="col" name="Kolumbija"/>
    <country id="174" alpha2="km" alpha3="com" name="Komorai"/>
    <country id="178" alpha2="cg" alpha3="cog" name="Kongo Respublika"/>
    <country id="180" alpha2="cd" alpha3="cod" name="Kongo Demokratinė Respublika"/>
    <country id="188" alpha2="cr" alpha3="cri" name="Kosta Rika"/>
    <country id="191" alpha2="hr" alpha3="hrv" name="Kroatija"/>
    <country id="192" alpha2="cu" alpha3="cub" name="Kuba"/>
    <country id="196" alpha2="cy" alpha3="cyp" name="Kipras"/>
    <country id="398" alpha2="kz" alpha3="kaz" name="Kazachstanas"/>
    <country id="404" alpha2="ke" alpha3="ken" name="Kenija"/>
    <country id="296" alpha2="ki" alpha3="kir" name="Kiribatis"/>
    <country id="408" alpha2="kp" alpha3="prk" name="Šiaurės Korėja"/>
    <country id="410" alpha2="kr" alpha3="kor" name="Pietų Korėja"/>
    <country id="414" alpha2="kw" alpha3="kwt" name="Kuveitas"/>
    <country id="417" alpha2="kg" alpha3="kgz" name="Kirgizija"/>
    <country id="418" alpha2="la" alpha3="lao" name="Laosas"/>
    <country id="428" alpha2="lv" alpha3="lva" name="Latvija"/>
    <country id="422" alpha2="lb" alpha3="lbn" name="Libanas"/>
    <country id="426" alpha2="ls" alpha3="lso" name="Lesotas"/>
    <country id="430" alpha2="lr" alpha3="lbr" name="Liberija"/>
    <country id="434" alpha2="ly" alpha3="lby" name="Libija"/>
    <country id="438" alpha2="li" alpha3="lie" name="Lichtenšteinas"/>
    <country id="440" alpha2="lt" alpha3="ltu" name="Lietuva"/>
    <country id="442" alpha2="lu" alpha3="lux" name="Liuksemburgas"/>
    <country id="807" alpha2="mk" alpha3="mkd" name="Makedonija"/>
    <country id="450" alpha2="mg" alpha3="mdg" name="Madagaskaras"/>
    <country id="454" alpha2="mw" alpha3="mwi" name="Malavis"/>
    <country id="458" alpha2="my" alpha3="mys" name="Malaizija"/>
    <country id="462" alpha2="mv" alpha3="mdv" name="Maldyvai"/>
    <country id="466" alpha2="ml" alpha3="mli" name="Malis"/>
    <country id="470" alpha2="mt" alpha3="mlt" name="Malta"/>
    <country id="584" alpha2="mh" alpha3="mhl" name="Maršalo salos"/>
    <country id="478" alpha2="mr" alpha3="mrt" name="Mauritanija"/>
    <country id="480" alpha2="mu" alpha3="mus" name="Mauricijus"/>
    <country id="484" alpha2="mx" alpha3="mex" name="Meksika"/>
    <country id="583" alpha2="fm" alpha3="fsm" name="Mikronezija"/>
    <country id="498" alpha2="md" alpha3="mda" name="Moldavija"/>
    <country id="492" alpha2="mc" alpha3="mco" name="Monakas"/>
    <country id="496" alpha2="mn" alpha3="mng" name="Mongolija"/>
    <country id="499" alpha2="me" alpha3="mne" name="Juodkalnija"/>
    <country id="504" alpha2="ma" alpha3="mar" name="Marokas"/>
    <country id="508" alpha2="mz" alpha3="moz" name="Mozambikas"/>
    <country id="104" alpha2="mm" alpha3="mmr" name="Mianmaras"/>
    <country id="516" alpha2="na" alpha3="nam" name="Namibija"/>
    <country id="520" alpha2="nr" alpha3="nru" name="Nauru"/>
    <country id="524" alpha2="np" alpha3="npl" name="Nepalas"/>
    <country id="528" alpha2="nl" alpha3="nld" name="Nyderlandai"/>
    <country id="554" alpha2="nz" alpha3="nzl" name="Naujoji Zelandija"/>
    <country id="558" alpha2="ni" alpha3="nic" name="Nikaragva"/>
    <country id="562" alpha2="ne" alpha3="ner" name="Nigeris"/>
    <country id="566" alpha2="ng" alpha3="nga" name="Nigerija"/>
    <country id="578" alpha2="no" alpha3="nor" name="Norvegija"/>
    <country id="512" alpha2="om" alpha3="omn" name="Omanas"/>
    <country id="586" alpha2="pk" alpha3="pak" name="Pakistanas"/>
    <country id="585" alpha2="pw" alpha3="plw" name="Palau"/>
    <country id="591" alpha2="pa" alpha3="pan" name="Panama"/>
    <country id="250" alpha2="fr" alpha3="fra" name="Prancūzija"/>
    <country id="598" alpha2="pg" alpha3="png" name="Papua Naujoji Gvinėja"/>
    <country id="600" alpha2="py" alpha3="pry" name="Paragvajus"/>
    <country id="226" alpha2="gq" alpha3="gnq" name="Pusiaujo Gvinėja"/>
    <country id="604" alpha2="pe" alpha3="per" name="Peru"/>
    <country id="608" alpha2="ph" alpha3="phl" name="Filipinai"/>
    <country id="616" alpha2="pl" alpha3="pol" name="Lenkija"/>
    <country id="620" alpha2="pt" alpha3="prt" name="Portugalija"/>
    <country id="634" alpha2="qa" alpha3="qat" name="Kataras"/>
    <country id="642" alpha2="ro" alpha3="rou" name="Rumunija"/>
    <country id="643" alpha2="ru" alpha3="rus" name="Rusija"/>
    <country id="646" alpha2="rw" alpha3="rwa" name="Ruanda"/>
    <country id="222" alpha2="sv" alpha3="slv" name="Salvadoras"/>
    <country id="659" alpha2="kn" alpha3="kna" name="Sent Kitsas ir Nevis"/>
    <country id="662" alpha2="lc" alpha3="lca" name="Sent Lusija"/>
    <country id="670" alpha2="vc" alpha3="vct" name="Sent Vinsentas ir Grenadinai"/>
    <country id="882" alpha2="ws" alpha3="wsm" name="Samoa"/>
    <country id="674" alpha2="sm" alpha3="smr" name="San Marinas"/>
    <country id="678" alpha2="st" alpha3="stp" name="San Tomė ir Prinsipė"/>
    <country id="682" alpha2="sa" alpha3="sau" name="Saudo Arabija"/>
    <country id="686" alpha2="sn" alpha3="sen" name="Senegalas"/>
    <country id="688" alpha2="rs" alpha3="srb" name="Serbija"/>
    <country id="690" alpha2="sc" alpha3="syc" name="Seišeliai"/>
    <country id="694" alpha2="sl" alpha3="sle" name="Siera Leonė"/>
    <country id="702" alpha2="sg" alpha3="sgp" name="Singapūras"/>
    <country id="246" alpha2="fi" alpha3="fin" name="Suomija"/>
    <country id="703" alpha2="sk" alpha3="svk" name="Slovakija"/>
    <country id="705" alpha2="si" alpha3="svn" name="Slovėnija"/>
    <country id="90" alpha2="sb" alpha3="slb" name="Saliamono Salos"/>
    <country id="706" alpha2="so" alpha3="som" name="Somalis"/>
    <country id="710" alpha2="za" alpha3="zaf" name="PAR"/>
    <country id="728" alpha2="ss" alpha3="ssd" name="Pietų Sudanas"/>
    <country id="724" alpha2="es" alpha3="esp" name="Ispanija"/>
    <country id="144" alpha2="lk" alpha3="lka" name="Šri Lanka"/>
    <country id="729" alpha2="sd" alpha3="sdn" name="Sudanas"/>
    <country id="740" alpha2="sr" alpha3="sur" name="Surinamas"/>
    <country id="748" alpha2="sz" alpha3="swz" name="Svazilendas"/>
    <country id="752" alpha2="se" alpha3="swe" name="Švedija"/>
    <country id="756" alpha2="ch" alpha3="che" name="Šveicarija"/>
    <country id="760" alpha2="sy" alpha3="syr" name="Sirija"/>
    <country id="762" alpha2="tj" alpha3="tjk" name="Tadžikija"/>
    <country id="834" alpha2="tz" alpha3="tza" name="Tanzanija"/>
    <country id="764" alpha2="th" alpha3="tha" name="Tailandas"/>
    <country id="626" alpha2="tl" alpha3="tls" name="Rytų Timoras"/>
    <country id="768" alpha2="tg" alpha3="tgo" name="Togas"/>
    <country id="776" alpha2="to" alpha3="ton" name="Tonga"/>
    <country id="780" alpha2="tt" alpha3="tto" name="Trinidadas ir Tobagas"/>
    <country id="788" alpha2="tn" alpha3="tun" name="Tunisas"/>
    <country id="792" alpha2="tr" alpha3="tur" name="Turkija"/>
    <country id="795" alpha2="tm" alpha3="tkm" name="Turkmėnija"/>
    <country id="798" alpha2="tv" alpha3="tuv" name="Tuvalu"/>
    <country id="800" alpha2="ug" alpha3="uga" name="Uganda"/>
    <country id="804" alpha2="ua" alpha3="ukr" name="Ukraina"/>
    <country id="784" alpha2="ae" alpha3="are" name="Jungtiniai Arabų Emyratai"/>
    <country id="826" alpha2="gb" alpha3="gbr" name="Jungtinė Karalystė"/>
    <country id="840" alpha2="us" alpha3="usa" name="Jungtinės Valstijos"/>
    <country id="858" alpha2="uy" alpha3="ury" name="Urugvajus"/>
    <country id="860" alpha2="uz" alpha3="uzb" name="Uzbekistanas"/>
    <country id="548" alpha2="vu" alpha3="vut" name="Vanuatu"/>
    <country id="862" alpha2="ve" alpha3="ven" name="Venesuela"/>
    <country id="276" alpha2="de" alpha3="deu" name="Vokietija"/>
    <country id="704" alpha2="vn" alpha3="vnm" name="Vietnamas"/>
    <country id="887" alpha2="ye" alpha3="yem" name="Jemenas"/>
    <country id="894" alpha2="zm" alpha3="zmb" name="Zambija"/>
    <country id="716" alpha2="zw" alpha3="zwe" name="Zimbabvė"/>
    <country id="132" alpha2="cv" alpha3="cpv" name="Žaliasis Kyšulys"/>
</countries>
