id,alpha2,alpha3,name
4,af,afg,Afghanistan
248,ax,ala,Åland
8,al,alb,Albanië
12,dz,dza,Algerije
850,vi,vir,"Amerikaanse Maagdeneilanden"
16,as,asm,Amerikaans-Samoa
20,ad,and,Andorra
24,ao,ago,Angola
660,ai,aia,Anguilla
10,aq,ata,Antarctica
28,ag,atg,"Antigua en Barbuda"
32,ar,arg,Argentinië
51,am,arm,Armenië
533,aw,abw,Aruba
36,au,aus,Australië
31,az,aze,Azerbeidzjan
44,bs,bhs,Bahama's
48,bh,bhr,Bahrein
50,bd,bgd,Bangladesh
52,bb,brb,Barbados
56,be,bel,België
84,bz,blz,Belize
204,bj,ben,Benin
60,bm,bmu,Bermuda
64,bt,btn,Bhutan
68,bo,bol,Bolivia
70,ba,bih,"Bosnië en Herzegovina"
72,bw,bwa,Botswana
74,bv,bvt,Bouvet
76,br,bra,Brazilië
92,vg,vgb,"Britse Maagdeneilanden"
86,io,iot,"Brits Indische Oceaanterritorium"
96,bn,brn,Brunei
100,bg,bgr,Bulgarije
854,bf,bfa,"Burkina Faso"
108,bi,bdi,Burundi
116,kh,khm,Cambodja
124,ca,can,Canada
535,bq,bes,"Caribisch Nederland"
140,cf,caf,"Centraal-Afrikaanse Republiek"
152,cl,chl,Chili
156,cn,chn,China
162,cx,cxr,Christmaseiland
166,cc,cck,Cocoseilanden
170,co,col,Colombia
174,km,com,Comoren
178,cg,cog,Congo-Brazzaville
180,cd,cod,Congo-Kinshasa
184,ck,cok,Cookeilanden
188,cr,cri,"Costa Rica"
192,cu,cub,Cuba
531,cw,cuw,Curaçao
196,cy,cyp,Cyprus
208,dk,dnk,Denemarken
262,dj,dji,Djibouti
212,dm,dma,Dominica
214,do,dom,"Dominicaanse Republiek"
276,de,deu,Duitsland
218,ec,ecu,Ecuador
818,eg,egy,Egypte
222,sv,slv,"El Salvador"
226,gq,gnq,Equatoriaal-Guinea
232,er,eri,Eritrea
233,ee,est,Estland
231,et,eth,Ethiopië
234,fo,fro,Faeröer
238,fk,flk,Falklandeilanden
242,fj,fji,Fiji
608,ph,phl,Filipijnen
246,fi,fin,Finland
250,fr,fra,Frankrijk
260,tf,atf,"Franse Zuidelijke Gebieden"
254,gf,guf,Frans-Guyana
258,pf,pyf,Frans-Polynesië
266,ga,gab,Gabon
270,gm,gmb,Gambia
268,ge,geo,Georgië
288,gh,gha,Ghana
292,gi,gib,Gibraltar
308,gd,grd,Grenada
300,gr,grc,Griekenland
304,gl,grl,Groenland
312,gp,glp,Guadeloupe
316,gu,gum,Guam
320,gt,gtm,Guatemala
831,gg,ggy,Guernsey
324,gn,gin,Guinee
624,gw,gnb,Guinee-Bissau
328,gy,guy,Guyana
332,ht,hti,Haïti
334,hm,hmd,"Heard en McDonaldeilanden"
340,hn,hnd,Honduras
348,hu,hun,Hongarije
344,hk,hkg,Hongkong
372,ie,irl,Ierland
352,is,isl,IJsland
356,in,ind,India
360,id,idn,Indonesië
368,iq,irq,Irak
364,ir,irn,Iran
376,il,isr,Israël
380,it,ita,Italië
384,ci,civ,Ivoorkust
388,jm,jam,Jamaica
392,jp,jpn,Japan
887,ye,yem,Jemen
832,je,jey,Jersey
400,jo,jor,Jordanië
136,ky,cym,Kaaimaneilanden
132,cv,cpv,Kaapverdië
120,cm,cmr,Kameroen
398,kz,kaz,Kazachstan
404,ke,ken,Kenia
417,kg,kgz,Kirgizië
296,ki,kir,Kiribati
581,um,umi,"Kleine afgelegen eilanden van de Verenigde Staten"
414,kw,kwt,Koeweit
191,hr,hrv,Kroatië
418,la,lao,Laos
426,ls,lso,Lesotho
428,lv,lva,Letland
422,lb,lbn,Libanon
430,lr,lbr,Liberia
434,ly,lby,Libië
438,li,lie,Liechtenstein
440,lt,ltu,Litouwen
442,lu,lux,Luxemburg
446,mo,mac,Macau
450,mg,mdg,Madagaskar
454,mw,mwi,Malawi
462,mv,mdv,Malediven
458,my,mys,Maleisië
466,ml,mli,Mali
470,mt,mlt,Malta
833,im,imn,Man
504,ma,mar,Marokko
584,mh,mhl,Marshalleilanden
474,mq,mtq,Martinique
478,mr,mrt,Mauritanië
480,mu,mus,Mauritius
175,yt,myt,Mayotte
484,mx,mex,Mexico
583,fm,fsm,Micronesië
498,md,mda,Moldavië
492,mc,mco,Monaco
496,mn,mng,Mongolië
499,me,mne,Montenegro
500,ms,msr,Montserrat
508,mz,moz,Mozambique
104,mm,mmr,Myanmar
516,na,nam,Namibië
520,nr,nru,Nauru
528,nl,nld,Nederland
524,np,npl,Nepal
558,ni,nic,Nicaragua
540,nc,ncl,Nieuw-Caledonië
554,nz,nzl,Nieuw-Zeeland
562,ne,ner,Niger
566,ng,nga,Nigeria
570,nu,niu,Niue
580,mp,mnp,"Noordelijke Marianen"
408,kp,prk,Noord-Korea
807,mk,mkd,Noord-Macedonië
578,no,nor,Noorwegen
574,nf,nfk,Norfolk
800,ug,uga,Oeganda
804,ua,ukr,Oekraïne
860,uz,uzb,Oezbekistan
512,om,omn,Oman
40,at,aut,Oostenrijk
626,tl,tls,Oost-Timor
586,pk,pak,Pakistan
585,pw,plw,Palau
275,ps,pse,Palestina
591,pa,pan,Panama
598,pg,png,Papoea-Nieuw-Guinea
600,py,pry,Paraguay
604,pe,per,Peru
612,pn,pcn,Pitcairneilanden
616,pl,pol,Polen
620,pt,prt,Portugal
630,pr,pri,"Puerto Rico"
634,qa,qat,Qatar
638,re,reu,Réunion
642,ro,rou,Roemenië
643,ru,rus,Rusland
646,rw,rwa,Rwanda
652,bl,blm,Saint-Barthélemy
659,kn,kna,"Saint Kitts en Nevis"
662,lc,lca,"Saint Lucia"
666,pm,spm,"Saint-Pierre en Miquelon"
670,vc,vct,"Saint Vincent en de Grenadines"
90,sb,slb,Salomonseilanden
882,ws,wsm,Samoa
674,sm,smr,"San Marino"
682,sa,sau,Saoedi-Arabië
678,st,stp,"Sao Tomé en Principe"
686,sn,sen,Senegal
688,rs,srb,Servië
690,sc,syc,Seychellen
694,sl,sle,"Sierra Leone"
702,sg,sgp,Singapore
654,sh,shn,"Sint-Helena, Ascension en Tristan da Cunha"
663,mf,maf,Saint-Martin
534,sx,sxm,"Sint Maarten"
705,si,svn,Slovenië
703,sk,svk,Slowakije
729,sd,sdn,Soedan
706,so,som,Somalië
724,es,esp,Spanje
744,sj,sjm,"Spitsbergen en Jan Mayen"
144,lk,lka,"Sri Lanka"
740,sr,sur,Suriname
748,sz,swz,Swaziland
760,sy,syr,Syrië
762,tj,tjk,Tadzjikistan
158,tw,twn,Taiwan
834,tz,tza,Tanzania
764,th,tha,Thailand
768,tg,tgo,Togo
772,tk,tkl,Tokelau
776,to,ton,Tonga
780,tt,tto,"Trinidad en Tobago"
148,td,tcd,Tsjaad
203,cz,cze,Tsjechië
788,tn,tun,Tunesië
792,tr,tur,Turkije
795,tm,tkm,Turkmenistan
796,tc,tca,"Turks- en Caicoseilanden"
798,tv,tuv,Tuvalu
858,uy,ury,Uruguay
548,vu,vut,Vanuatu
336,va,vat,Vaticaanstad
862,ve,ven,Venezuela
784,ae,are,"Verenigde Arabische Emiraten"
840,us,usa,"Verenigde Staten"
826,gb,gbr,"Verenigd Koninkrijk"
704,vn,vnm,Vietnam
876,wf,wlf,"Wallis en Futuna"
732,eh,esh,"Westelijke Sahara/SADR"
112,by,blr,Wit-Rusland
894,zm,zmb,Zambia
716,zw,zwe,Zimbabwe
710,za,zaf,Zuid-Afrika
239,gs,sgs,"Zuid-Georgia en de Zuidelijke Sandwicheilanden"
410,kr,kor,Zuid-Korea
728,ss,ssd,Zuid-Soedan
752,se,swe,Zweden
756,ch,che,Zwitserland
