[{"id":288,"alpha2":"gh","alpha3":"gha","name":"가나"},
{"id":266,"alpha2":"ga","alpha3":"gab","name":"가봉"},
{"id":328,"alpha2":"gy","alpha3":"guy","name":"가이아나"},
{"id":270,"alpha2":"gm","alpha3":"gmb","name":"감비아"},
{"id":831,"alpha2":"gg","alpha3":"ggy","name":"건지섬"},
{"id":312,"alpha2":"gp","alpha3":"glp","name":"과들루프"},
{"id":320,"alpha2":"gt","alpha3":"gtm","name":"과테말라"},
{"id":316,"alpha2":"gu","alpha3":"gum","name":"괌"},
{"id":308,"alpha2":"gd","alpha3":"grd","name":"그레나다"},
{"id":300,"alpha2":"gr","alpha3":"grc","name":"그리스"},
{"id":304,"alpha2":"gl","alpha3":"grl","name":"그린란드"},
{"id":324,"alpha2":"gn","alpha3":"gin","name":"기니"},
{"id":624,"alpha2":"gw","alpha3":"gnb","name":"기니비사우"},
{"id":516,"alpha2":"na","alpha3":"nam","name":"나미비아"},
{"id":520,"alpha2":"nr","alpha3":"nru","name":"나우루"},
{"id":566,"alpha2":"ng","alpha3":"nga","name":"나이지리아"},
{"id":10,"alpha2":"aq","alpha3":"ata","name":"남극"},
{"id":728,"alpha2":"ss","alpha3":"ssd","name":"남수단"},
{"id":710,"alpha2":"za","alpha3":"zaf","name":"남아프리카 공화국"},
{"id":528,"alpha2":"nl","alpha3":"nld","name":"네덜란드"},
{"id":524,"alpha2":"np","alpha3":"npl","name":"네팔"},
{"id":578,"alpha2":"no","alpha3":"nor","name":"노르웨이"},
{"id":574,"alpha2":"nf","alpha3":"nfk","name":"노퍽섬"},
{"id":540,"alpha2":"nc","alpha3":"ncl","name":"누벨칼레도니"},
{"id":554,"alpha2":"nz","alpha3":"nzl","name":"뉴질랜드"},
{"id":570,"alpha2":"nu","alpha3":"niu","name":"니우에"},
{"id":562,"alpha2":"ne","alpha3":"ner","name":"니제르"},
{"id":558,"alpha2":"ni","alpha3":"nic","name":"니카라과"},
{"id":410,"alpha2":"kr","alpha3":"kor","name":"대한민국"},
{"id":208,"alpha2":"dk","alpha3":"dnk","name":"덴마크"},
{"id":214,"alpha2":"do","alpha3":"dom","name":"도미니카 공화국"},
{"id":212,"alpha2":"dm","alpha3":"dma","name":"도미니카 연방"},
{"id":276,"alpha2":"de","alpha3":"deu","name":"독일"},
{"id":626,"alpha2":"tl","alpha3":"tls","name":"동티모르"},
{"id":418,"alpha2":"la","alpha3":"lao","name":"라오스"},
{"id":430,"alpha2":"lr","alpha3":"lbr","name":"라이베리아"},
{"id":428,"alpha2":"lv","alpha3":"lva","name":"라트비아"},
{"id":643,"alpha2":"ru","alpha3":"rus","name":"러시아"},
{"id":422,"alpha2":"lb","alpha3":"lbn","name":"레바논"},
{"id":426,"alpha2":"ls","alpha3":"lso","name":"레소토"},
{"id":638,"alpha2":"re","alpha3":"reu","name":"레위니옹"},
{"id":642,"alpha2":"ro","alpha3":"rou","name":"루마니아"},
{"id":442,"alpha2":"lu","alpha3":"lux","name":"룩셈부르크"},
{"id":646,"alpha2":"rw","alpha3":"rwa","name":"르완다"},
{"id":434,"alpha2":"ly","alpha3":"lby","name":"리비아"},
{"id":440,"alpha2":"lt","alpha3":"ltu","name":"리투아니아"},
{"id":438,"alpha2":"li","alpha3":"lie","name":"리히텐슈타인"},
{"id":450,"alpha2":"mg","alpha3":"mdg","name":"마다가스카르"},
{"id":474,"alpha2":"mq","alpha3":"mtq","name":"마르티니크"},
{"id":584,"alpha2":"mh","alpha3":"mhl","name":"마셜 제도"},
{"id":175,"alpha2":"yt","alpha3":"myt","name":"마요트"},
{"id":446,"alpha2":"mo","alpha3":"mac","name":"마카오"},
{"id":807,"alpha2":"mk","alpha3":"mkd","name":"북마케도니아"},
{"id":454,"alpha2":"mw","alpha3":"mwi","name":"말라위"},
{"id":458,"alpha2":"my","alpha3":"mys","name":"말레이시아"},
{"id":466,"alpha2":"ml","alpha3":"mli","name":"말리"},
{"id":833,"alpha2":"im","alpha3":"imn","name":"맨섬"},
{"id":484,"alpha2":"mx","alpha3":"mex","name":"멕시코"},
{"id":492,"alpha2":"mc","alpha3":"mco","name":"모나코"},
{"id":504,"alpha2":"ma","alpha3":"mar","name":"모로코"},
{"id":480,"alpha2":"mu","alpha3":"mus","name":"모리셔스"},
{"id":478,"alpha2":"mr","alpha3":"mrt","name":"모리타니"},
{"id":508,"alpha2":"mz","alpha3":"moz","name":"모잠비크"},
{"id":499,"alpha2":"me","alpha3":"mne","name":"몬테네그로"},
{"id":500,"alpha2":"ms","alpha3":"msr","name":"몬트세랫"},
{"id":498,"alpha2":"md","alpha3":"mda","name":"몰도바"},
{"id":462,"alpha2":"mv","alpha3":"mdv","name":"몰디브"},
{"id":470,"alpha2":"mt","alpha3":"mlt","name":"몰타"},
{"id":496,"alpha2":"mn","alpha3":"mng","name":"몽골"},
{"id":840,"alpha2":"us","alpha3":"usa","name":"미국"},
{"id":581,"alpha2":"um","alpha3":"umi","name":"미국령 군소 제도"},
{"id":850,"alpha2":"vi","alpha3":"vir","name":"미국령 버진아일랜드"},
{"id":104,"alpha2":"mm","alpha3":"mmr","name":"미얀마"},
{"id":583,"alpha2":"fm","alpha3":"fsm","name":"미크로네시아 연방"},
{"id":548,"alpha2":"vu","alpha3":"vut","name":"바누아투"},
{"id":48,"alpha2":"bh","alpha3":"bhr","name":"바레인"},
{"id":52,"alpha2":"bb","alpha3":"brb","name":"바베이도스"},
{"id":336,"alpha2":"va","alpha3":"vat","name":"바티칸 시국"},
{"id":44,"alpha2":"bs","alpha3":"bhs","name":"바하마"},
{"id":50,"alpha2":"bd","alpha3":"bgd","name":"방글라데시"},
{"id":60,"alpha2":"bm","alpha3":"bmu","name":"버뮤다"},
{"id":204,"alpha2":"bj","alpha3":"ben","name":"베냉"},
{"id":862,"alpha2":"ve","alpha3":"ven","name":"베네수엘라"},
{"id":704,"alpha2":"vn","alpha3":"vnm","name":"베트남"},
{"id":56,"alpha2":"be","alpha3":"bel","name":"벨기에"},
{"id":112,"alpha2":"by","alpha3":"blr","name":"벨라루스"},
{"id":84,"alpha2":"bz","alpha3":"blz","name":"벨리즈"},
{"id":535,"alpha2":"bq","alpha3":"bes","name":"보네르섬"},
{"id":70,"alpha2":"ba","alpha3":"bih","name":"보스니아 헤르체고비나"},
{"id":72,"alpha2":"bw","alpha3":"bwa","name":"보츠와나"},
{"id":68,"alpha2":"bo","alpha3":"bol","name":"볼리비아"},
{"id":108,"alpha2":"bi","alpha3":"bdi","name":"부룬디"},
{"id":854,"alpha2":"bf","alpha3":"bfa","name":"부르키나파소"},
{"id":74,"alpha2":"bv","alpha3":"bvt","name":"부베섬"},
{"id":64,"alpha2":"bt","alpha3":"btn","name":"부탄"},
{"id":580,"alpha2":"mp","alpha3":"mnp","name":"북마리아나 제도"},
{"id":100,"alpha2":"bg","alpha3":"bgr","name":"불가리아"},
{"id":76,"alpha2":"br","alpha3":"bra","name":"브라질"},
{"id":96,"alpha2":"bn","alpha3":"brn","name":"브루나이"},
{"id":882,"alpha2":"ws","alpha3":"wsm","name":"사모아"},
{"id":682,"alpha2":"sa","alpha3":"sau","name":"사우디아라비아"},
{"id":239,"alpha2":"gs","alpha3":"sgs","name":"사우스조지아 사우스샌드위치 제도"},
{"id":674,"alpha2":"sm","alpha3":"smr","name":"산마리노"},
{"id":678,"alpha2":"st","alpha3":"stp","name":"상투메 프린시페"},
{"id":663,"alpha2":"mf","alpha3":"maf","name":"생마르탱"},
{"id":652,"alpha2":"bl","alpha3":"blm","name":"생바르텔레미"},
{"id":666,"alpha2":"pm","alpha3":"spm","name":"생피에르 미클롱"},
{"id":732,"alpha2":"eh","alpha3":"esh","name":"서사하라"},
{"id":686,"alpha2":"sn","alpha3":"sen","name":"세네갈"},
{"id":688,"alpha2":"rs","alpha3":"srb","name":"세르비아"},
{"id":690,"alpha2":"sc","alpha3":"syc","name":"세이셸"},
{"id":662,"alpha2":"lc","alpha3":"lca","name":"세인트루시아"},
{"id":670,"alpha2":"vc","alpha3":"vct","name":"세인트빈센트 그레나딘"},
{"id":659,"alpha2":"kn","alpha3":"kna","name":"세인트키츠 네비스"},
{"id":654,"alpha2":"sh","alpha3":"shn","name":"세인트헬레나"},
{"id":706,"alpha2":"so","alpha3":"som","name":"소말리아"},
{"id":90,"alpha2":"sb","alpha3":"slb","name":"솔로몬 제도"},
{"id":729,"alpha2":"sd","alpha3":"sdn","name":"수단"},
{"id":740,"alpha2":"sr","alpha3":"sur","name":"수리남"},
{"id":144,"alpha2":"lk","alpha3":"lka","name":"스리랑카"},
{"id":744,"alpha2":"sj","alpha3":"sjm","name":"스발바르 얀마옌"},
{"id":752,"alpha2":"se","alpha3":"swe","name":"스웨덴"},
{"id":756,"alpha2":"ch","alpha3":"che","name":"스위스"},
{"id":724,"alpha2":"es","alpha3":"esp","name":"스페인"},
{"id":703,"alpha2":"sk","alpha3":"svk","name":"슬로바키아"},
{"id":705,"alpha2":"si","alpha3":"svn","name":"슬로베니아"},
{"id":760,"alpha2":"sy","alpha3":"syr","name":"시리아"},
{"id":694,"alpha2":"sl","alpha3":"sle","name":"시에라리온"},
{"id":534,"alpha2":"sx","alpha3":"sxm","name":"신트마르턴"},
{"id":702,"alpha2":"sg","alpha3":"sgp","name":"싱가포르"},
{"id":784,"alpha2":"ae","alpha3":"are","name":"아랍에미리트"},
{"id":533,"alpha2":"aw","alpha3":"abw","name":"아루바"},
{"id":51,"alpha2":"am","alpha3":"arm","name":"아르메니아"},
{"id":32,"alpha2":"ar","alpha3":"arg","name":"아르헨티나"},
{"id":16,"alpha2":"as","alpha3":"asm","name":"아메리칸사모아"},
{"id":352,"alpha2":"is","alpha3":"isl","name":"아이슬란드"},
{"id":332,"alpha2":"ht","alpha3":"hti","name":"아이티"},
{"id":372,"alpha2":"ie","alpha3":"irl","name":"아일랜드"},
{"id":31,"alpha2":"az","alpha3":"aze","name":"아제르바이잔"},
{"id":4,"alpha2":"af","alpha3":"afg","name":"아프가니스탄"},
{"id":20,"alpha2":"ad","alpha3":"and","name":"안도라"},
{"id":8,"alpha2":"al","alpha3":"alb","name":"알바니아"},
{"id":12,"alpha2":"dz","alpha3":"dza","name":"알제리"},
{"id":24,"alpha2":"ao","alpha3":"ago","name":"앙골라"},
{"id":28,"alpha2":"ag","alpha3":"atg","name":"앤티가 바부다"},
{"id":660,"alpha2":"ai","alpha3":"aia","name":"앵귈라"},
{"id":232,"alpha2":"er","alpha3":"eri","name":"에리트레아"},
{"id":748,"alpha2":"sz","alpha3":"swz","name":"에스와티니"},
{"id":233,"alpha2":"ee","alpha3":"est","name":"에스토니아"},
{"id":218,"alpha2":"ec","alpha3":"ecu","name":"에콰도르"},
{"id":231,"alpha2":"et","alpha3":"eth","name":"에티오피아"},
{"id":222,"alpha2":"sv","alpha3":"slv","name":"엘살바도르"},
{"id":826,"alpha2":"gb","alpha3":"gbr","name":"영국"},
{"id":92,"alpha2":"vg","alpha3":"vgb","name":"영국령 버진아일랜드"},
{"id":86,"alpha2":"io","alpha3":"iot","name":"영국령 인도양 지역"},
{"id":887,"alpha2":"ye","alpha3":"yem","name":"예멘"},
{"id":512,"alpha2":"om","alpha3":"omn","name":"오만"},
{"id":36,"alpha2":"au","alpha3":"aus","name":"오스트레일리아"},
{"id":40,"alpha2":"at","alpha3":"aut","name":"오스트리아"},
{"id":340,"alpha2":"hn","alpha3":"hnd","name":"온두라스"},
{"id":248,"alpha2":"ax","alpha3":"ala","name":"올란드 제도"},
{"id":400,"alpha2":"jo","alpha3":"jor","name":"요르단"},
{"id":800,"alpha2":"ug","alpha3":"uga","name":"우간다"},
{"id":858,"alpha2":"uy","alpha3":"ury","name":"우루과이"},
{"id":860,"alpha2":"uz","alpha3":"uzb","name":"우즈베키스탄"},
{"id":804,"alpha2":"ua","alpha3":"ukr","name":"우크라이나"},
{"id":876,"alpha2":"wf","alpha3":"wlf","name":"왈리스 푸투나"},
{"id":368,"alpha2":"iq","alpha3":"irq","name":"이라크"},
{"id":364,"alpha2":"ir","alpha3":"irn","name":"이란"},
{"id":376,"alpha2":"il","alpha3":"isr","name":"이스라엘"},
{"id":818,"alpha2":"eg","alpha3":"egy","name":"이집트"},
{"id":380,"alpha2":"it","alpha3":"ita","name":"이탈리아"},
{"id":356,"alpha2":"in","alpha3":"ind","name":"인도"},
{"id":360,"alpha2":"id","alpha3":"idn","name":"인도네시아"},
{"id":392,"alpha2":"jp","alpha3":"jpn","name":"일본"},
{"id":388,"alpha2":"jm","alpha3":"jam","name":"자메이카"},
{"id":894,"alpha2":"zm","alpha3":"zmb","name":"잠비아"},
{"id":832,"alpha2":"je","alpha3":"jey","name":"저지섬"},
{"id":226,"alpha2":"gq","alpha3":"gnq","name":"적도 기니"},
{"id":408,"alpha2":"kp","alpha3":"prk","name":"조선민주주의인민공화국"},
{"id":268,"alpha2":"ge","alpha3":"geo","name":"조지아"},
{"id":156,"alpha2":"cn","alpha3":"chn","name":"중국"},
{"id":140,"alpha2":"cf","alpha3":"caf","name":"중앙아프리카 공화국"},
{"id":262,"alpha2":"dj","alpha3":"dji","name":"지부티"},
{"id":292,"alpha2":"gi","alpha3":"gib","name":"지브롤터"},
{"id":716,"alpha2":"zw","alpha3":"zwe","name":"짐바브웨"},
{"id":148,"alpha2":"td","alpha3":"tcd","name":"차드"},
{"id":203,"alpha2":"cz","alpha3":"cze","name":"체코"},
{"id":152,"alpha2":"cl","alpha3":"chl","name":"칠레"},
{"id":120,"alpha2":"cm","alpha3":"cmr","name":"카메룬"},
{"id":132,"alpha2":"cv","alpha3":"cpv","name":"카보베르데"},
{"id":398,"alpha2":"kz","alpha3":"kaz","name":"카자흐스탄"},
{"id":634,"alpha2":"qa","alpha3":"qat","name":"카타르"},
{"id":116,"alpha2":"kh","alpha3":"khm","name":"캄보디아"},
{"id":124,"alpha2":"ca","alpha3":"can","name":"캐나다"},
{"id":404,"alpha2":"ke","alpha3":"ken","name":"케냐"},
{"id":136,"alpha2":"ky","alpha3":"cym","name":"케이맨 제도"},
{"id":174,"alpha2":"km","alpha3":"com","name":"코모로"},
{"id":188,"alpha2":"cr","alpha3":"cri","name":"코스타리카"},
{"id":166,"alpha2":"cc","alpha3":"cck","name":"코코스 제도"},
{"id":384,"alpha2":"ci","alpha3":"civ","name":"코트디부아르"},
{"id":170,"alpha2":"co","alpha3":"col","name":"콜롬비아"},
{"id":178,"alpha2":"cg","alpha3":"cog","name":"콩고 공화국"},
{"id":180,"alpha2":"cd","alpha3":"cod","name":"콩고 민주 공화국"},
{"id":192,"alpha2":"cu","alpha3":"cub","name":"쿠바"},
{"id":414,"alpha2":"kw","alpha3":"kwt","name":"쿠웨이트"},
{"id":184,"alpha2":"ck","alpha3":"cok","name":"쿡 제도"},
{"id":531,"alpha2":"cw","alpha3":"cuw","name":"퀴라소"},
{"id":191,"alpha2":"hr","alpha3":"hrv","name":"크로아티아"},
{"id":162,"alpha2":"cx","alpha3":"cxr","name":"크리스마스섬"},
{"id":417,"alpha2":"kg","alpha3":"kgz","name":"키르기스스탄"},
{"id":296,"alpha2":"ki","alpha3":"kir","name":"키리바시"},
{"id":196,"alpha2":"cy","alpha3":"cyp","name":"키프로스"},
{"id":158,"alpha2":"tw","alpha3":"twn","name":"타이완"},
{"id":762,"alpha2":"tj","alpha3":"tjk","name":"타지키스탄"},
{"id":834,"alpha2":"tz","alpha3":"tza","name":"탄자니아"},
{"id":764,"alpha2":"th","alpha3":"tha","name":"태국"},
{"id":796,"alpha2":"tc","alpha3":"tca","name":"터크스 케이커스 제도"},
{"id":792,"alpha2":"tr","alpha3":"tur","name":"튀르키예"},
{"id":768,"alpha2":"tg","alpha3":"tgo","name":"토고"},
{"id":772,"alpha2":"tk","alpha3":"tkl","name":"토켈라우"},
{"id":776,"alpha2":"to","alpha3":"ton","name":"통가"},
{"id":795,"alpha2":"tm","alpha3":"tkm","name":"투르크메니스탄"},
{"id":798,"alpha2":"tv","alpha3":"tuv","name":"투발루"},
{"id":788,"alpha2":"tn","alpha3":"tun","name":"튀니지"},
{"id":780,"alpha2":"tt","alpha3":"tto","name":"트리니다드 토바고"},
{"id":591,"alpha2":"pa","alpha3":"pan","name":"파나마"},
{"id":600,"alpha2":"py","alpha3":"pry","name":"파라과이"},
{"id":586,"alpha2":"pk","alpha3":"pak","name":"파키스탄"},
{"id":598,"alpha2":"pg","alpha3":"png","name":"파푸아뉴기니"},
{"id":585,"alpha2":"pw","alpha3":"plw","name":"팔라우"},
{"id":275,"alpha2":"ps","alpha3":"pse","name":"팔레스타인"},
{"id":234,"alpha2":"fo","alpha3":"fro","name":"페로 제도"},
{"id":604,"alpha2":"pe","alpha3":"per","name":"페루"},
{"id":620,"alpha2":"pt","alpha3":"prt","name":"포르투갈"},
{"id":238,"alpha2":"fk","alpha3":"flk","name":"포클랜드 제도"},
{"id":616,"alpha2":"pl","alpha3":"pol","name":"폴란드"},
{"id":630,"alpha2":"pr","alpha3":"pri","name":"푸에르토리코"},
{"id":250,"alpha2":"fr","alpha3":"fra","name":"프랑스"},
{"id":254,"alpha2":"gf","alpha3":"guf","name":"프랑스령 기아나"},
{"id":260,"alpha2":"tf","alpha3":"atf","name":"프랑스령 남방 및 남극 지역"},
{"id":258,"alpha2":"pf","alpha3":"pyf","name":"프랑스령 폴리네시아"},
{"id":242,"alpha2":"fj","alpha3":"fji","name":"피지"},
{"id":246,"alpha2":"fi","alpha3":"fin","name":"핀란드"},
{"id":608,"alpha2":"ph","alpha3":"phl","name":"필리핀"},
{"id":612,"alpha2":"pn","alpha3":"pcn","name":"핏케언 제도"},
{"id":334,"alpha2":"hm","alpha3":"hmd","name":"허드 맥도널드 제도"},
{"id":348,"alpha2":"hu","alpha3":"hun","name":"헝가리"},
{"id":344,"alpha2":"hk","alpha3":"hkg","name":"홍콩"}]