<?xml version="1.0" encoding="UTF-8"?>
<countries>
    <country id="4" alpha2="af" alpha3="afg" name="阿富汗"/>
    <country id="8" alpha2="al" alpha3="alb" name="阿尔巴尼亚"/>
    <country id="12" alpha2="dz" alpha3="dza" name="阿尔及利亚"/>
    <country id="20" alpha2="ad" alpha3="and" name="安道尔"/>
    <country id="24" alpha2="ao" alpha3="ago" name="安哥拉"/>
    <country id="28" alpha2="ag" alpha3="atg" name="安提瓜和巴布达"/>
    <country id="32" alpha2="ar" alpha3="arg" name="阿根廷"/>
    <country id="51" alpha2="am" alpha3="arm" name="亚美尼亚"/>
    <country id="36" alpha2="au" alpha3="aus" name="澳大利亚"/>
    <country id="40" alpha2="at" alpha3="aut" name="奥地利"/>
    <country id="31" alpha2="az" alpha3="aze" name="阿塞拜疆"/>
    <country id="44" alpha2="bs" alpha3="bhs" name="巴哈马"/>
    <country id="48" alpha2="bh" alpha3="bhr" name="巴林"/>
    <country id="50" alpha2="bd" alpha3="bgd" name="孟加拉国"/>
    <country id="52" alpha2="bb" alpha3="brb" name="巴巴多斯"/>
    <country id="112" alpha2="by" alpha3="blr" name="白俄罗斯"/>
    <country id="56" alpha2="be" alpha3="bel" name="比利时"/>
    <country id="84" alpha2="bz" alpha3="blz" name="伯利兹"/>
    <country id="204" alpha2="bj" alpha3="ben" name="贝宁"/>
    <country id="64" alpha2="bt" alpha3="btn" name="不丹"/>
    <country id="68" alpha2="bo" alpha3="bol" name="玻利维亚"/>
    <country id="70" alpha2="ba" alpha3="bih" name="波黑"/>
    <country id="72" alpha2="bw" alpha3="bwa" name="博茨瓦纳"/>
    <country id="76" alpha2="br" alpha3="bra" name="巴西"/>
    <country id="96" alpha2="bn" alpha3="brn" name="文莱"/>
    <country id="100" alpha2="bg" alpha3="bgr" name="保加利亚"/>
    <country id="854" alpha2="bf" alpha3="bfa" name="布基纳法索"/>
    <country id="108" alpha2="bi" alpha3="bdi" name="布隆迪"/>
    <country id="132" alpha2="cv" alpha3="cpv" name="佛得角"/>
    <country id="116" alpha2="kh" alpha3="khm" name="柬埔寨"/>
    <country id="120" alpha2="cm" alpha3="cmr" name="喀麦隆"/>
    <country id="124" alpha2="ca" alpha3="can" name="加拿大"/>
    <country id="140" alpha2="cf" alpha3="caf" name="中非"/>
    <country id="148" alpha2="td" alpha3="tcd" name="乍得"/>
    <country id="152" alpha2="cl" alpha3="chl" name="智利"/>
    <country id="156" alpha2="cn" alpha3="chn" name="中国"/>
    <country id="170" alpha2="co" alpha3="col" name="哥伦比亚"/>
    <country id="174" alpha2="km" alpha3="com" name="科摩罗"/>
    <country id="178" alpha2="cg" alpha3="cog" name="刚果共和国"/>
    <country id="180" alpha2="cd" alpha3="cod" name="刚果民主共和国"/>
    <country id="188" alpha2="cr" alpha3="cri" name="哥斯达黎加"/>
    <country id="384" alpha2="ci" alpha3="civ" name="科特迪瓦"/>
    <country id="191" alpha2="hr" alpha3="hrv" name="克罗地亚"/>
    <country id="192" alpha2="cu" alpha3="cub" name="古巴"/>
    <country id="196" alpha2="cy" alpha3="cyp" name="塞浦路斯"/>
    <country id="203" alpha2="cz" alpha3="cze" name="捷克"/>
    <country id="208" alpha2="dk" alpha3="dnk" name="丹麦"/>
    <country id="262" alpha2="dj" alpha3="dji" name="吉布提"/>
    <country id="212" alpha2="dm" alpha3="dma" name="多米尼克"/>
    <country id="214" alpha2="do" alpha3="dom" name="多米尼加"/>
    <country id="218" alpha2="ec" alpha3="ecu" name="厄瓜多尔"/>
    <country id="818" alpha2="eg" alpha3="egy" name="埃及"/>
    <country id="222" alpha2="sv" alpha3="slv" name="萨尔瓦多"/>
    <country id="226" alpha2="gq" alpha3="gnq" name="赤道几内亚"/>
    <country id="232" alpha2="er" alpha3="eri" name="厄立特里亚"/>
    <country id="233" alpha2="ee" alpha3="est" name="爱沙尼亚"/>
    <country id="748" alpha2="sz" alpha3="swz" name="斯威士兰"/>
    <country id="231" alpha2="et" alpha3="eth" name="埃塞俄比亚"/>
    <country id="242" alpha2="fj" alpha3="fji" name="斐济"/>
    <country id="246" alpha2="fi" alpha3="fin" name="芬兰"/>
    <country id="250" alpha2="fr" alpha3="fra" name="法国"/>
    <country id="266" alpha2="ga" alpha3="gab" name="加蓬"/>
    <country id="270" alpha2="gm" alpha3="gmb" name="冈比亚"/>
    <country id="268" alpha2="ge" alpha3="geo" name="格鲁吉亚"/>
    <country id="276" alpha2="de" alpha3="deu" name="德国"/>
    <country id="288" alpha2="gh" alpha3="gha" name="加纳"/>
    <country id="300" alpha2="gr" alpha3="grc" name="希腊"/>
    <country id="308" alpha2="gd" alpha3="grd" name="格林纳达"/>
    <country id="320" alpha2="gt" alpha3="gtm" name="危地马拉"/>
    <country id="324" alpha2="gn" alpha3="gin" name="几内亚"/>
    <country id="624" alpha2="gw" alpha3="gnb" name="几内亚比绍"/>
    <country id="328" alpha2="gy" alpha3="guy" name="圭亚那"/>
    <country id="332" alpha2="ht" alpha3="hti" name="海地"/>
    <country id="340" alpha2="hn" alpha3="hnd" name="洪都拉斯"/>
    <country id="348" alpha2="hu" alpha3="hun" name="匈牙利"/>
    <country id="352" alpha2="is" alpha3="isl" name="冰岛"/>
    <country id="356" alpha2="in" alpha3="ind" name="印度"/>
    <country id="360" alpha2="id" alpha3="idn" name="印度尼西亚"/>
    <country id="364" alpha2="ir" alpha3="irn" name="伊朗"/>
    <country id="368" alpha2="iq" alpha3="irq" name="伊拉克"/>
    <country id="372" alpha2="ie" alpha3="irl" name="爱尔兰"/>
    <country id="376" alpha2="il" alpha3="isr" name="以色列"/>
    <country id="380" alpha2="it" alpha3="ita" name="意大利"/>
    <country id="388" alpha2="jm" alpha3="jam" name="牙买加"/>
    <country id="392" alpha2="jp" alpha3="jpn" name="日本"/>
    <country id="400" alpha2="jo" alpha3="jor" name="约旦"/>
    <country id="398" alpha2="kz" alpha3="kaz" name="哈萨克斯坦"/>
    <country id="404" alpha2="ke" alpha3="ken" name="肯尼亚"/>
    <country id="296" alpha2="ki" alpha3="kir" name="基里巴斯"/>
    <country id="408" alpha2="kp" alpha3="prk" name="朝鲜"/>
    <country id="410" alpha2="kr" alpha3="kor" name="韩国"/>
    <country id="414" alpha2="kw" alpha3="kwt" name="科威特"/>
    <country id="417" alpha2="kg" alpha3="kgz" name="吉尔吉斯斯坦"/>
    <country id="418" alpha2="la" alpha3="lao" name="老挝"/>
    <country id="428" alpha2="lv" alpha3="lva" name="拉脱维亚"/>
    <country id="422" alpha2="lb" alpha3="lbn" name="黎巴嫩"/>
    <country id="426" alpha2="ls" alpha3="lso" name="莱索托"/>
    <country id="430" alpha2="lr" alpha3="lbr" name="利比里亚"/>
    <country id="434" alpha2="ly" alpha3="lby" name="利比亚"/>
    <country id="438" alpha2="li" alpha3="lie" name="列支敦士登"/>
    <country id="440" alpha2="lt" alpha3="ltu" name="立陶宛"/>
    <country id="442" alpha2="lu" alpha3="lux" name="卢森堡"/>
    <country id="450" alpha2="mg" alpha3="mdg" name="马达加斯加"/>
    <country id="454" alpha2="mw" alpha3="mwi" name="马拉维"/>
    <country id="458" alpha2="my" alpha3="mys" name="马来西亚"/>
    <country id="462" alpha2="mv" alpha3="mdv" name="马尔代夫"/>
    <country id="466" alpha2="ml" alpha3="mli" name="马里"/>
    <country id="470" alpha2="mt" alpha3="mlt" name="马耳他"/>
    <country id="584" alpha2="mh" alpha3="mhl" name="马绍尔群岛"/>
    <country id="478" alpha2="mr" alpha3="mrt" name="毛里塔尼亚"/>
    <country id="480" alpha2="mu" alpha3="mus" name="毛里求斯"/>
    <country id="484" alpha2="mx" alpha3="mex" name="墨西哥"/>
    <country id="583" alpha2="fm" alpha3="fsm" name="密克罗尼西亚联邦"/>
    <country id="498" alpha2="md" alpha3="mda" name="摩尔多瓦"/>
    <country id="492" alpha2="mc" alpha3="mco" name="摩纳哥"/>
    <country id="496" alpha2="mn" alpha3="mng" name="蒙古"/>
    <country id="499" alpha2="me" alpha3="mne" name="黑山"/>
    <country id="504" alpha2="ma" alpha3="mar" name="摩洛哥"/>
    <country id="508" alpha2="mz" alpha3="moz" name="莫桑比克"/>
    <country id="104" alpha2="mm" alpha3="mmr" name="缅甸"/>
    <country id="516" alpha2="na" alpha3="nam" name="纳米比亚"/>
    <country id="520" alpha2="nr" alpha3="nru" name="瑙鲁"/>
    <country id="524" alpha2="np" alpha3="npl" name="尼泊尔"/>
    <country id="528" alpha2="nl" alpha3="nld" name="荷兰"/>
    <country id="554" alpha2="nz" alpha3="nzl" name="新西兰"/>
    <country id="558" alpha2="ni" alpha3="nic" name="尼加拉瓜"/>
    <country id="562" alpha2="ne" alpha3="ner" name="尼日尔"/>
    <country id="566" alpha2="ng" alpha3="nga" name="尼日利亚"/>
    <country id="807" alpha2="mk" alpha3="mkd" name="北马其顿"/>
    <country id="578" alpha2="no" alpha3="nor" name="挪威"/>
    <country id="512" alpha2="om" alpha3="omn" name="阿曼"/>
    <country id="586" alpha2="pk" alpha3="pak" name="巴基斯坦"/>
    <country id="585" alpha2="pw" alpha3="plw" name="帕劳"/>
    <country id="591" alpha2="pa" alpha3="pan" name="巴拿马"/>
    <country id="598" alpha2="pg" alpha3="png" name="巴布亚新几内亚"/>
    <country id="600" alpha2="py" alpha3="pry" name="巴拉圭"/>
    <country id="604" alpha2="pe" alpha3="per" name="秘鲁"/>
    <country id="608" alpha2="ph" alpha3="phl" name="菲律宾"/>
    <country id="616" alpha2="pl" alpha3="pol" name="波兰"/>
    <country id="620" alpha2="pt" alpha3="prt" name="葡萄牙"/>
    <country id="634" alpha2="qa" alpha3="qat" name="卡塔尔"/>
    <country id="642" alpha2="ro" alpha3="rou" name="罗马尼亚"/>
    <country id="643" alpha2="ru" alpha3="rus" name="俄罗斯"/>
    <country id="646" alpha2="rw" alpha3="rwa" name="卢旺达"/>
    <country id="659" alpha2="kn" alpha3="kna" name="圣基茨和尼维斯"/>
    <country id="662" alpha2="lc" alpha3="lca" name="圣卢西亚"/>
    <country id="670" alpha2="vc" alpha3="vct" name="圣文森特和格林纳丁斯"/>
    <country id="882" alpha2="ws" alpha3="wsm" name="萨摩亚"/>
    <country id="674" alpha2="sm" alpha3="smr" name="圣马力诺"/>
    <country id="678" alpha2="st" alpha3="stp" name="圣多美和普林西比"/>
    <country id="682" alpha2="sa" alpha3="sau" name="沙特阿拉伯"/>
    <country id="686" alpha2="sn" alpha3="sen" name="塞内加尔"/>
    <country id="688" alpha2="rs" alpha3="srb" name="塞尔维亚"/>
    <country id="690" alpha2="sc" alpha3="syc" name="塞舌尔"/>
    <country id="694" alpha2="sl" alpha3="sle" name="塞拉利昂"/>
    <country id="702" alpha2="sg" alpha3="sgp" name="新加坡"/>
    <country id="703" alpha2="sk" alpha3="svk" name="斯洛伐克"/>
    <country id="705" alpha2="si" alpha3="svn" name="斯洛文尼亚"/>
    <country id="90" alpha2="sb" alpha3="slb" name="所罗门群岛"/>
    <country id="706" alpha2="so" alpha3="som" name="索马里"/>
    <country id="710" alpha2="za" alpha3="zaf" name="南非"/>
    <country id="728" alpha2="ss" alpha3="ssd" name="南苏丹"/>
    <country id="724" alpha2="es" alpha3="esp" name="西班牙"/>
    <country id="144" alpha2="lk" alpha3="lka" name="斯里兰卡"/>
    <country id="729" alpha2="sd" alpha3="sdn" name="苏丹"/>
    <country id="740" alpha2="sr" alpha3="sur" name="苏里南"/>
    <country id="752" alpha2="se" alpha3="swe" name="瑞典"/>
    <country id="756" alpha2="ch" alpha3="che" name="瑞士"/>
    <country id="760" alpha2="sy" alpha3="syr" name="叙利亚"/>
    <country id="762" alpha2="tj" alpha3="tjk" name="塔吉克斯坦"/>
    <country id="834" alpha2="tz" alpha3="tza" name="坦桑尼亚"/>
    <country id="764" alpha2="th" alpha3="tha" name="泰国"/>
    <country id="626" alpha2="tl" alpha3="tls" name="东帝汶"/>
    <country id="768" alpha2="tg" alpha3="tgo" name="多哥"/>
    <country id="776" alpha2="to" alpha3="ton" name="汤加"/>
    <country id="780" alpha2="tt" alpha3="tto" name="特立尼达和多巴哥"/>
    <country id="788" alpha2="tn" alpha3="tun" name="突尼斯"/>
    <country id="792" alpha2="tr" alpha3="tur" name="土耳其"/>
    <country id="795" alpha2="tm" alpha3="tkm" name="土库曼斯坦"/>
    <country id="798" alpha2="tv" alpha3="tuv" name="图瓦卢"/>
    <country id="800" alpha2="ug" alpha3="uga" name="乌干达"/>
    <country id="804" alpha2="ua" alpha3="ukr" name="乌克兰"/>
    <country id="784" alpha2="ae" alpha3="are" name="阿联酋"/>
    <country id="826" alpha2="gb" alpha3="gbr" name="英国"/>
    <country id="840" alpha2="us" alpha3="usa" name="美国"/>
    <country id="858" alpha2="uy" alpha3="ury" name="乌拉圭"/>
    <country id="860" alpha2="uz" alpha3="uzb" name="乌兹别克斯坦"/>
    <country id="548" alpha2="vu" alpha3="vut" name="瓦努阿图"/>
    <country id="862" alpha2="ve" alpha3="ven" name="委内瑞拉"/>
    <country id="704" alpha2="vn" alpha3="vnm" name="越南"/>
    <country id="887" alpha2="ye" alpha3="yem" name="也门"/>
    <country id="894" alpha2="zm" alpha3="zmb" name="赞比亚"/>
    <country id="716" alpha2="zw" alpha3="zwe" name="津巴布韦"/>
</countries>
